
===== CLAIM demo-receipt: npm test -- --grep @claim:demo-receipt =====

> selfhost-upgrade-rehearsal@0.1.2 test
> cargo test && npm run build:site && playwright test --grep @claim:demo-receipt

    Finished `test` profile [unoptimized + debuginfo] target(s) in 0.06s
     Running unittests src/lib.rs (target/debug/deps/rehearsal-da70bb3259a62e20)

running 1 test
test tests::schema_diff_never_includes_values ... ok

test result: ok. 1 passed; 0 failed; 0 ignored; 0 measured; 0 filtered out; finished in 0.00s

     Running unittests src/main.rs (target/debug/deps/rehearsal-1af613f98526467c)

running 0 tests

test result: ok. 0 passed; 0 failed; 0 ignored; 0 measured; 0 filtered out; finished in 0.00s

     Running tests/cli.rs (target/debug/deps/cli-27f196f1e3a208d8)

running 4 tests
test bad_declaration_explains_the_next_step ... ok
test demo_refuses_to_overwrite_a_nonempty_directory ... ok
test demo_writes_both_receipts ... ok
test receipt_redacts_declaration_notes_before_marking_it_customer_safe ... ok

test result: ok. 4 passed; 0 failed; 0 ignored; 0 measured; 0 filtered out; finished in 0.05s

   Doc-tests rehearsal

running 0 tests

test result: ok. 0 passed; 0 failed; 0 ignored; 0 measured; 0 filtered out; finished in 0.00s


> selfhost-upgrade-rehearsal@0.1.2 build:site
> npm run build:assets && vite build --config site/vite.config.ts && node scripts/build-site.mjs


> selfhost-upgrade-rehearsal@0.1.2 build:assets
> node scripts/build-images.mjs

vite v7.3.6 building client environment for production...
transforming...
✓ 4 modules transformed.
rendering chunks...
computing gzip size...
../dist/site/index.html                  1.78 kB │ gzip: 0.66 kB
../dist/site/assets/index-B9IVHe6m.css  13.07 kB │ gzip: 3.70 kB
../dist/site/assets/index-Ciep9Kdj.js   21.61 kB │ gzip: 7.43 kB
✓ built in 205ms
[WebServer] (node:6158) Warning: The 'NO_COLOR' env is ignored due to the 'FORCE_COLOR' env being set.
[WebServer] (Use `node --trace-warnings ...` to show where the warning was created)

Running 2 tests using 2 workers

(node:6177) Warning: The 'NO_COLOR' env is ignored due to the 'FORCE_COLOR' env being set.
(Use `node --trace-warnings ...` to show where the warning was created)
(node:6176) Warning: The 'NO_COLOR' env is ignored due to the 'FORCE_COLOR' env being set.
(Use `node --trace-warnings ...` to show where the warning was created)
(node:6177) Warning: The 'NO_COLOR' env is ignored due to the 'FORCE_COLOR' env being set.
(Use `node --trace-warnings ...` to show where the warning was created)
(node:6176) Warning: The 'NO_COLOR' env is ignored due to the 'FORCE_COLOR' env being set.
(Use `node --trace-warnings ...` to show where the warning was created)
  ✓  2 [mobile] › e2e/site.spec.ts:65:1 › @claim:demo-receipt demo downloads the complete schema-1 readiness receipt (1.4s)
  ✓  1 [chromium] › e2e/site.spec.ts:65:1 › @claim:demo-receipt demo downloads the complete schema-1 readiness receipt (1.6s)

  2 passed (7.8s)
===== RESULT demo-receipt: PASS =====

===== CLAIM offline-demo: npm test -- --grep @claim:offline-demo =====

> selfhost-upgrade-rehearsal@0.1.2 test
> cargo test && npm run build:site && playwright test --grep @claim:offline-demo

    Finished `test` profile [unoptimized + debuginfo] target(s) in 0.06s
     Running unittests src/lib.rs (target/debug/deps/rehearsal-da70bb3259a62e20)

running 1 test
test tests::schema_diff_never_includes_values ... ok

test result: ok. 1 passed; 0 failed; 0 ignored; 0 measured; 0 filtered out; finished in 0.00s

     Running unittests src/main.rs (target/debug/deps/rehearsal-1af613f98526467c)

running 0 tests

test result: ok. 0 passed; 0 failed; 0 ignored; 0 measured; 0 filtered out; finished in 0.00s

     Running tests/cli.rs (target/debug/deps/cli-27f196f1e3a208d8)

running 4 tests
test bad_declaration_explains_the_next_step ... ok
test demo_refuses_to_overwrite_a_nonempty_directory ... ok
test demo_writes_both_receipts ... ok
test receipt_redacts_declaration_notes_before_marking_it_customer_safe ... ok

test result: ok. 4 passed; 0 failed; 0 ignored; 0 measured; 0 filtered out; finished in 0.05s

   Doc-tests rehearsal

running 0 tests

test result: ok. 0 passed; 0 failed; 0 ignored; 0 measured; 0 filtered out; finished in 0.00s


> selfhost-upgrade-rehearsal@0.1.2 build:site
> npm run build:assets && vite build --config site/vite.config.ts && node scripts/build-site.mjs


> selfhost-upgrade-rehearsal@0.1.2 build:assets
> node scripts/build-images.mjs

vite v7.3.6 building client environment for production...
transforming...
✓ 4 modules transformed.
rendering chunks...
computing gzip size...
../dist/site/index.html                  1.78 kB │ gzip: 0.66 kB
../dist/site/assets/index-B9IVHe6m.css  13.07 kB │ gzip: 3.70 kB
../dist/site/assets/index-Ciep9Kdj.js   21.61 kB │ gzip: 7.43 kB
✓ built in 202ms
[WebServer] (node:6474) Warning: The 'NO_COLOR' env is ignored due to the 'FORCE_COLOR' env being set.
[WebServer] (Use `node --trace-warnings ...` to show where the warning was created)

Running 2 tests using 2 workers

(node:6492) Warning: The 'NO_COLOR' env is ignored due to the 'FORCE_COLOR' env being set.
(Use `node --trace-warnings ...` to show where the warning was created)
(node:6498) Warning: The 'NO_COLOR' env is ignored due to the 'FORCE_COLOR' env being set.
(Use `node --trace-warnings ...` to show where the warning was created)
(node:6492) Warning: The 'NO_COLOR' env is ignored due to the 'FORCE_COLOR' env being set.
(Use `node --trace-warnings ...` to show where the warning was created)
(node:6498) Warning: The 'NO_COLOR' env is ignored due to the 'FORCE_COLOR' env being set.
(Use `node --trace-warnings ...` to show where the warning was created)
  ✓  1 [chromium] › e2e/site.spec.ts:91:1 › @claim:offline-demo bundled demo runs after the page goes offline (3.2s)
  ✓  2 [mobile] › e2e/site.spec.ts:91:1 › @claim:offline-demo bundled demo runs after the page goes offline (3.1s)

  2 passed (8.9s)
===== RESULT offline-demo: PASS =====

===== CLAIM demo-network-privacy: npm test -- --grep @claim:demo-network-privacy =====

> selfhost-upgrade-rehearsal@0.1.2 test
> cargo test && npm run build:site && playwright test --grep @claim:demo-network-privacy

    Finished `test` profile [unoptimized + debuginfo] target(s) in 0.06s
     Running unittests src/lib.rs (target/debug/deps/rehearsal-da70bb3259a62e20)

running 1 test
test tests::schema_diff_never_includes_values ... ok

test result: ok. 1 passed; 0 failed; 0 ignored; 0 measured; 0 filtered out; finished in 0.00s

     Running unittests src/main.rs (target/debug/deps/rehearsal-1af613f98526467c)

running 0 tests

test result: ok. 0 passed; 0 failed; 0 ignored; 0 measured; 0 filtered out; finished in 0.00s

     Running tests/cli.rs (target/debug/deps/cli-27f196f1e3a208d8)

running 4 tests
test bad_declaration_explains_the_next_step ... ok
test demo_refuses_to_overwrite_a_nonempty_directory ... ok
test demo_writes_both_receipts ... ok
test receipt_redacts_declaration_notes_before_marking_it_customer_safe ... ok

test result: ok. 4 passed; 0 failed; 0 ignored; 0 measured; 0 filtered out; finished in 0.05s

   Doc-tests rehearsal

running 0 tests

test result: ok. 0 passed; 0 failed; 0 ignored; 0 measured; 0 filtered out; finished in 0.00s


> selfhost-upgrade-rehearsal@0.1.2 build:site
> npm run build:assets && vite build --config site/vite.config.ts && node scripts/build-site.mjs


> selfhost-upgrade-rehearsal@0.1.2 build:assets
> node scripts/build-images.mjs

vite v7.3.6 building client environment for production...
transforming...
✓ 4 modules transformed.
rendering chunks...
computing gzip size...
../dist/site/index.html                  1.78 kB │ gzip: 0.66 kB
../dist/site/assets/index-B9IVHe6m.css  13.07 kB │ gzip: 3.70 kB
../dist/site/assets/index-Ciep9Kdj.js   21.61 kB │ gzip: 7.43 kB
✓ built in 212ms
[WebServer] (node:6794) Warning: The 'NO_COLOR' env is ignored due to the 'FORCE_COLOR' env being set.
[WebServer] (Use `node --trace-warnings ...` to show where the warning was created)

Running 2 tests using 2 workers

(node:6812) Warning: The 'NO_COLOR' env is ignored due to the 'FORCE_COLOR' env being set.
(Use `node --trace-warnings ...` to show where the warning was created)
(node:6813) Warning: The 'NO_COLOR' env is ignored due to the 'FORCE_COLOR' env being set.
(Use `node --trace-warnings ...` to show where the warning was created)
(node:6813) Warning: The 'NO_COLOR' env is ignored due to the 'FORCE_COLOR' env being set.
(Use `node --trace-warnings ...` to show where the warning was created)
(node:6812) Warning: The 'NO_COLOR' env is ignored due to the 'FORCE_COLOR' env being set.
(Use `node --trace-warnings ...` to show where the warning was created)
  ✓  1 [mobile] › e2e/site.spec.ts:98:1 › @claim:demo-network-privacy demo sends no project data (3.3s)
  ✓  2 [chromium] › e2e/site.spec.ts:98:1 › @claim:demo-network-privacy demo sends no project data (3.1s)

  2 passed (9.2s)
===== RESULT demo-network-privacy: PASS =====

===== CLAIM cli-receipts: npm test -- --grep @claim:cli-receipts =====

> selfhost-upgrade-rehearsal@0.1.2 test
> cargo test && npm run build:site && playwright test --grep @claim:cli-receipts

    Finished `test` profile [unoptimized + debuginfo] target(s) in 0.05s
     Running unittests src/lib.rs (target/debug/deps/rehearsal-da70bb3259a62e20)

running 1 test
test tests::schema_diff_never_includes_values ... ok

test result: ok. 1 passed; 0 failed; 0 ignored; 0 measured; 0 filtered out; finished in 0.00s

     Running unittests src/main.rs (target/debug/deps/rehearsal-1af613f98526467c)

running 0 tests

test result: ok. 0 passed; 0 failed; 0 ignored; 0 measured; 0 filtered out; finished in 0.00s

     Running tests/cli.rs (target/debug/deps/cli-27f196f1e3a208d8)

running 4 tests
test bad_declaration_explains_the_next_step ... ok
test demo_refuses_to_overwrite_a_nonempty_directory ... ok
test demo_writes_both_receipts ... ok
test receipt_redacts_declaration_notes_before_marking_it_customer_safe ... ok

test result: ok. 4 passed; 0 failed; 0 ignored; 0 measured; 0 filtered out; finished in 0.04s

   Doc-tests rehearsal

running 0 tests

test result: ok. 0 passed; 0 failed; 0 ignored; 0 measured; 0 filtered out; finished in 0.00s


> selfhost-upgrade-rehearsal@0.1.2 build:site
> npm run build:assets && vite build --config site/vite.config.ts && node scripts/build-site.mjs


> selfhost-upgrade-rehearsal@0.1.2 build:assets
> node scripts/build-images.mjs

vite v7.3.6 building client environment for production...
transforming...
✓ 4 modules transformed.
rendering chunks...
computing gzip size...
../dist/site/index.html                  1.78 kB │ gzip: 0.66 kB
../dist/site/assets/index-B9IVHe6m.css  13.07 kB │ gzip: 3.70 kB
../dist/site/assets/index-Ciep9Kdj.js   21.61 kB │ gzip: 7.43 kB
✓ built in 197ms
[WebServer] (node:7141) Warning: The 'NO_COLOR' env is ignored due to the 'FORCE_COLOR' env being set.
[WebServer] (Use `node --trace-warnings ...` to show where the warning was created)

Running 2 tests using 2 workers

(node:7160) Warning: The 'NO_COLOR' env is ignored due to the 'FORCE_COLOR' env being set.
(Use `node --trace-warnings ...` to show where the warning was created)
(node:7159) Warning: The 'NO_COLOR' env is ignored due to the 'FORCE_COLOR' env being set.
(Use `node --trace-warnings ...` to show where the warning was created)
(node:7160) Warning: The 'NO_COLOR' env is ignored due to the 'FORCE_COLOR' env being set.
(Use `node --trace-warnings ...` to show where the warning was created)
(node:7159) Warning: The 'NO_COLOR' env is ignored due to the 'FORCE_COLOR' env being set.
(Use `node --trace-warnings ...` to show where the warning was created)
  ✓  1 [mobile] › e2e/site.spec.ts:110:1 › @claim:cli-receipts CLI writes JSON and HTML receipts (171ms)
  ✓  2 [chromium] › e2e/site.spec.ts:110:1 › @claim:cli-receipts CLI writes JSON and HTML receipts (107ms)

  2 passed (5.4s)
===== RESULT cli-receipts: PASS =====

===== CLAIM upgrade-hooks: npm test -- --grep @claim:upgrade-hooks =====

> selfhost-upgrade-rehearsal@0.1.2 test
> cargo test && npm run build:site && playwright test --grep @claim:upgrade-hooks

    Finished `test` profile [unoptimized + debuginfo] target(s) in 0.05s
     Running unittests src/lib.rs (target/debug/deps/rehearsal-da70bb3259a62e20)

running 1 test
test tests::schema_diff_never_includes_values ... ok

test result: ok. 1 passed; 0 failed; 0 ignored; 0 measured; 0 filtered out; finished in 0.00s

     Running unittests src/main.rs (target/debug/deps/rehearsal-1af613f98526467c)

running 0 tests

test result: ok. 0 passed; 0 failed; 0 ignored; 0 measured; 0 filtered out; finished in 0.00s

     Running tests/cli.rs (target/debug/deps/cli-27f196f1e3a208d8)

running 4 tests
test bad_declaration_explains_the_next_step ... ok
test demo_refuses_to_overwrite_a_nonempty_directory ... ok
test demo_writes_both_receipts ... ok
test receipt_redacts_declaration_notes_before_marking_it_customer_safe ... ok

test result: ok. 4 passed; 0 failed; 0 ignored; 0 measured; 0 filtered out; finished in 0.06s

   Doc-tests rehearsal

running 0 tests

test result: ok. 0 passed; 0 failed; 0 ignored; 0 measured; 0 filtered out; finished in 0.00s


> selfhost-upgrade-rehearsal@0.1.2 build:site
> npm run build:assets && vite build --config site/vite.config.ts && node scripts/build-site.mjs


> selfhost-upgrade-rehearsal@0.1.2 build:assets
> node scripts/build-images.mjs

vite v7.3.6 building client environment for production...
transforming...
✓ 4 modules transformed.
rendering chunks...
computing gzip size...
../dist/site/index.html                  1.78 kB │ gzip: 0.66 kB
../dist/site/assets/index-B9IVHe6m.css  13.07 kB │ gzip: 3.70 kB
../dist/site/assets/index-Ciep9Kdj.js   21.61 kB │ gzip: 7.43 kB
✓ built in 216ms
[WebServer] (node:7367) Warning: The 'NO_COLOR' env is ignored due to the 'FORCE_COLOR' env being set.
[WebServer] (Use `node --trace-warnings ...` to show where the warning was created)

Running 2 tests using 2 workers

(node:7386) Warning: The 'NO_COLOR' env is ignored due to the 'FORCE_COLOR' env being set.
(Use `node --trace-warnings ...` to show where the warning was created)
(node:7385) Warning: The 'NO_COLOR' env is ignored due to the 'FORCE_COLOR' env being set.
(Use `node --trace-warnings ...` to show where the warning was created)
(node:7385) Warning: The 'NO_COLOR' env is ignored due to the 'FORCE_COLOR' env being set.
(Use `node --trace-warnings ...` to show where the warning was created)
(node:7386) Warning: The 'NO_COLOR' env is ignored due to the 'FORCE_COLOR' env being set.
(Use `node --trace-warnings ...` to show where the warning was created)
  ✓  1 [mobile] › e2e/site.spec.ts:120:1 › @claim:upgrade-hooks CLI checks backup, restore, and health hooks (173ms)
  ✓  2 [chromium] › e2e/site.spec.ts:120:1 › @claim:upgrade-hooks CLI checks backup, restore, and health hooks (101ms)

  2 passed (5.2s)
===== RESULT upgrade-hooks: PASS =====

===== CLAIM declared-resource-minimums: npm test -- --grep @claim:declared-resource-minimums =====

> selfhost-upgrade-rehearsal@0.1.2 test
> cargo test && npm run build:site && playwright test --grep @claim:declared-resource-minimums

    Finished `test` profile [unoptimized + debuginfo] target(s) in 0.05s
     Running unittests src/lib.rs (target/debug/deps/rehearsal-da70bb3259a62e20)

running 1 test
test tests::schema_diff_never_includes_values ... ok

test result: ok. 1 passed; 0 failed; 0 ignored; 0 measured; 0 filtered out; finished in 0.00s

     Running unittests src/main.rs (target/debug/deps/rehearsal-1af613f98526467c)

running 0 tests

test result: ok. 0 passed; 0 failed; 0 ignored; 0 measured; 0 filtered out; finished in 0.00s

     Running tests/cli.rs (target/debug/deps/cli-27f196f1e3a208d8)

running 4 tests
test bad_declaration_explains_the_next_step ... ok
test demo_refuses_to_overwrite_a_nonempty_directory ... ok
test demo_writes_both_receipts ... ok
test receipt_redacts_declaration_notes_before_marking_it_customer_safe ... ok

test result: ok. 4 passed; 0 failed; 0 ignored; 0 measured; 0 filtered out; finished in 0.06s

   Doc-tests rehearsal

running 0 tests

test result: ok. 0 passed; 0 failed; 0 ignored; 0 measured; 0 filtered out; finished in 0.00s


> selfhost-upgrade-rehearsal@0.1.2 build:site
> npm run build:assets && vite build --config site/vite.config.ts && node scripts/build-site.mjs


> selfhost-upgrade-rehearsal@0.1.2 build:assets
> node scripts/build-images.mjs

vite v7.3.6 building client environment for production...
transforming...
✓ 4 modules transformed.
rendering chunks...
computing gzip size...
../dist/site/index.html                  1.78 kB │ gzip: 0.66 kB
../dist/site/assets/index-B9IVHe6m.css  13.07 kB │ gzip: 3.70 kB
../dist/site/assets/index-Ciep9Kdj.js   21.61 kB │ gzip: 7.43 kB
✓ built in 249ms
[WebServer] (node:7592) Warning: The 'NO_COLOR' env is ignored due to the 'FORCE_COLOR' env being set.
[WebServer] (Use `node --trace-warnings ...` to show where the warning was created)

Running 2 tests using 2 workers

(node:7610) Warning: The 'NO_COLOR' env is ignored due to the 'FORCE_COLOR' env being set.
(Use `node --trace-warnings ...` to show where the warning was created)
(node:7611) Warning: The 'NO_COLOR' env is ignored due to the 'FORCE_COLOR' env being set.
(Use `node --trace-warnings ...` to show where the warning was created)
(node:7611) Warning: The 'NO_COLOR' env is ignored due to the 'FORCE_COLOR' env being set.
(Use `node --trace-warnings ...` to show where the warning was created)
(node:7610) Warning: The 'NO_COLOR' env is ignored due to the 'FORCE_COLOR' env being set.
(Use `node --trace-warnings ...` to show where the warning was created)
  ✓  1 [mobile] › e2e/site.spec.ts:131:1 › @claim:declared-resource-minimums receipt records the declared memory and disk minimums (119ms)
  ✓  2 [chromium] › e2e/site.spec.ts:131:1 › @claim:declared-resource-minimums receipt records the declared memory and disk minimums (127ms)

  2 passed (5.5s)
===== RESULT declared-resource-minimums: PASS =====

===== CLAIM compose-kubernetes-declarations: npm test -- --grep @claim:compose-kubernetes-declarations =====

> selfhost-upgrade-rehearsal@0.1.2 test
> cargo test && npm run build:site && playwright test --grep @claim:compose-kubernetes-declarations

    Finished `test` profile [unoptimized + debuginfo] target(s) in 0.06s
     Running unittests src/lib.rs (target/debug/deps/rehearsal-da70bb3259a62e20)

running 1 test
test tests::schema_diff_never_includes_values ... ok

test result: ok. 1 passed; 0 failed; 0 ignored; 0 measured; 0 filtered out; finished in 0.00s

     Running unittests src/main.rs (target/debug/deps/rehearsal-1af613f98526467c)

running 0 tests

test result: ok. 0 passed; 0 failed; 0 ignored; 0 measured; 0 filtered out; finished in 0.00s

     Running tests/cli.rs (target/debug/deps/cli-27f196f1e3a208d8)

running 4 tests
test bad_declaration_explains_the_next_step ... ok
test demo_refuses_to_overwrite_a_nonempty_directory ... ok
test demo_writes_both_receipts ... ok
test receipt_redacts_declaration_notes_before_marking_it_customer_safe ... ok

test result: ok. 4 passed; 0 failed; 0 ignored; 0 measured; 0 filtered out; finished in 0.05s

   Doc-tests rehearsal

running 0 tests

test result: ok. 0 passed; 0 failed; 0 ignored; 0 measured; 0 filtered out; finished in 0.00s


> selfhost-upgrade-rehearsal@0.1.2 build:site
> npm run build:assets && vite build --config site/vite.config.ts && node scripts/build-site.mjs


> selfhost-upgrade-rehearsal@0.1.2 build:assets
> node scripts/build-images.mjs

vite v7.3.6 building client environment for production...
transforming...
✓ 4 modules transformed.
rendering chunks...
computing gzip size...
../dist/site/index.html                  1.78 kB │ gzip: 0.66 kB
../dist/site/assets/index-B9IVHe6m.css  13.07 kB │ gzip: 3.70 kB
../dist/site/assets/index-Ciep9Kdj.js   21.61 kB │ gzip: 7.43 kB
✓ built in 225ms
[WebServer] (node:7836) Warning: The 'NO_COLOR' env is ignored due to the 'FORCE_COLOR' env being set.
[WebServer] (Use `node --trace-warnings ...` to show where the warning was created)

Running 2 tests using 2 workers

(node:7854) Warning: The 'NO_COLOR' env is ignored due to the 'FORCE_COLOR' env being set.
(Use `node --trace-warnings ...` to show where the warning was created)
(node:7855) Warning: The 'NO_COLOR' env is ignored due to the 'FORCE_COLOR' env being set.
(Use `node --trace-warnings ...` to show where the warning was created)
(node:7854) Warning: The 'NO_COLOR' env is ignored due to the 'FORCE_COLOR' env being set.
(Use `node --trace-warnings ...` to show where the warning was created)
(node:7855) Warning: The 'NO_COLOR' env is ignored due to the 'FORCE_COLOR' env being set.
(Use `node --trace-warnings ...` to show where the warning was created)
  ✓  1 [chromium] › e2e/site.spec.ts:144:1 › @claim:compose-kubernetes-declarations validates both declaration adapters before launch (160ms)
  ✓  2 [mobile] › e2e/site.spec.ts:144:1 › @claim:compose-kubernetes-declarations validates both declaration adapters before launch (100ms)

  2 passed (5.3s)
===== RESULT compose-kubernetes-declarations: PASS =====

===== CLAIM installer-checksum: npm test -- --grep @claim:installer-checksum =====

> selfhost-upgrade-rehearsal@0.1.2 test
> cargo test && npm run build:site && playwright test --grep @claim:installer-checksum

    Finished `test` profile [unoptimized + debuginfo] target(s) in 0.06s
     Running unittests src/lib.rs (target/debug/deps/rehearsal-da70bb3259a62e20)

running 1 test
test tests::schema_diff_never_includes_values ... ok

test result: ok. 1 passed; 0 failed; 0 ignored; 0 measured; 0 filtered out; finished in 0.00s

     Running unittests src/main.rs (target/debug/deps/rehearsal-1af613f98526467c)

running 0 tests

test result: ok. 0 passed; 0 failed; 0 ignored; 0 measured; 0 filtered out; finished in 0.00s

     Running tests/cli.rs (target/debug/deps/cli-27f196f1e3a208d8)

running 4 tests
test bad_declaration_explains_the_next_step ... ok
test demo_refuses_to_overwrite_a_nonempty_directory ... ok
test demo_writes_both_receipts ... ok
test receipt_redacts_declaration_notes_before_marking_it_customer_safe ... ok

test result: ok. 4 passed; 0 failed; 0 ignored; 0 measured; 0 filtered out; finished in 0.06s

   Doc-tests rehearsal

running 0 tests

test result: ok. 0 passed; 0 failed; 0 ignored; 0 measured; 0 filtered out; finished in 0.00s


> selfhost-upgrade-rehearsal@0.1.2 build:site
> npm run build:assets && vite build --config site/vite.config.ts && node scripts/build-site.mjs


> selfhost-upgrade-rehearsal@0.1.2 build:assets
> node scripts/build-images.mjs

vite v7.3.6 building client environment for production...
transforming...
✓ 4 modules transformed.
rendering chunks...
computing gzip size...
../dist/site/index.html                  1.78 kB │ gzip: 0.66 kB
../dist/site/assets/index-B9IVHe6m.css  13.07 kB │ gzip: 3.70 kB
../dist/site/assets/index-Ciep9Kdj.js   21.61 kB │ gzip: 7.43 kB
✓ built in 255ms
[WebServer] (node:8047) Warning: The 'NO_COLOR' env is ignored due to the 'FORCE_COLOR' env being set.
[WebServer] (Use `node --trace-warnings ...` to show where the warning was created)

Running 2 tests using 2 workers

(node:8065) Warning: The 'NO_COLOR' env is ignored due to the 'FORCE_COLOR' env being set.
(Use `node --trace-warnings ...` to show where the warning was created)
(node:8066) Warning: The 'NO_COLOR' env is ignored due to the 'FORCE_COLOR' env being set.
(Use `node --trace-warnings ...` to show where the warning was created)
(node:8065) Warning: The 'NO_COLOR' env is ignored due to the 'FORCE_COLOR' env being set.
(Use `node --trace-warnings ...` to show where the warning was created)
(node:8066) Warning: The 'NO_COLOR' env is ignored due to the 'FORCE_COLOR' env being set.
(Use `node --trace-warnings ...` to show where the warning was created)
  ✓  1 [mobile] › e2e/site.spec.ts:158:1 › @claim:installer-checksum installers verify the package before installation (84ms)
  ✓  2 [chromium] › e2e/site.spec.ts:158:1 › @claim:installer-checksum installers verify the package before installation (16ms)

  2 passed (5.2s)
===== RESULT installer-checksum: PASS =====

===== CLAIM mit-core: npm test -- --grep @claim:mit-core =====

> selfhost-upgrade-rehearsal@0.1.2 test
> cargo test && npm run build:site && playwright test --grep @claim:mit-core

    Finished `test` profile [unoptimized + debuginfo] target(s) in 0.05s
     Running unittests src/lib.rs (target/debug/deps/rehearsal-da70bb3259a62e20)

running 1 test
test tests::schema_diff_never_includes_values ... ok

test result: ok. 1 passed; 0 failed; 0 ignored; 0 measured; 0 filtered out; finished in 0.00s

     Running unittests src/main.rs (target/debug/deps/rehearsal-1af613f98526467c)

running 0 tests

test result: ok. 0 passed; 0 failed; 0 ignored; 0 measured; 0 filtered out; finished in 0.00s

     Running tests/cli.rs (target/debug/deps/cli-27f196f1e3a208d8)

running 4 tests
test bad_declaration_explains_the_next_step ... ok
test demo_refuses_to_overwrite_a_nonempty_directory ... ok
test demo_writes_both_receipts ... ok
test receipt_redacts_declaration_notes_before_marking_it_customer_safe ... ok

test result: ok. 4 passed; 0 failed; 0 ignored; 0 measured; 0 filtered out; finished in 0.05s

   Doc-tests rehearsal

running 0 tests

test result: ok. 0 passed; 0 failed; 0 ignored; 0 measured; 0 filtered out; finished in 0.00s


> selfhost-upgrade-rehearsal@0.1.2 build:site
> npm run build:assets && vite build --config site/vite.config.ts && node scripts/build-site.mjs


> selfhost-upgrade-rehearsal@0.1.2 build:assets
> node scripts/build-images.mjs

vite v7.3.6 building client environment for production...
transforming...
✓ 4 modules transformed.
rendering chunks...
computing gzip size...
../dist/site/index.html                  1.78 kB │ gzip: 0.66 kB
../dist/site/assets/index-B9IVHe6m.css  13.07 kB │ gzip: 3.70 kB
../dist/site/assets/index-Ciep9Kdj.js   21.61 kB │ gzip: 7.43 kB
✓ built in 217ms
[WebServer] (node:8252) Warning: The 'NO_COLOR' env is ignored due to the 'FORCE_COLOR' env being set.
[WebServer] (Use `node --trace-warnings ...` to show where the warning was created)

Running 2 tests using 2 workers

(node:8271) Warning: The 'NO_COLOR' env is ignored due to the 'FORCE_COLOR' env being set.
(Use `node --trace-warnings ...` to show where the warning was created)
(node:8270) Warning: The 'NO_COLOR' env is ignored due to the 'FORCE_COLOR' env being set.
(Use `node --trace-warnings ...` to show where the warning was created)
(node:8270) Warning: The 'NO_COLOR' env is ignored due to the 'FORCE_COLOR' env being set.
(Use `node --trace-warnings ...` to show where the warning was created)
(node:8271) Warning: The 'NO_COLOR' env is ignored due to the 'FORCE_COLOR' env being set.
(Use `node --trace-warnings ...` to show where the warning was created)
  ✓  1 [chromium] › e2e/site.spec.ts:167:1 › @claim:mit-core core CLI is MIT licensed (77ms)
  ✓  2 [mobile] › e2e/site.spec.ts:167:1 › @claim:mit-core core CLI is MIT licensed (15ms)

  2 passed (6.1s)
===== RESULT mit-core: PASS =====

===== CLAIM schema-redaction: npm test -- --grep @claim:schema-redaction =====

> selfhost-upgrade-rehearsal@0.1.2 test
> cargo test && npm run build:site && playwright test --grep @claim:schema-redaction

    Finished `test` profile [unoptimized + debuginfo] target(s) in 0.05s
     Running unittests src/lib.rs (target/debug/deps/rehearsal-da70bb3259a62e20)

running 1 test
test tests::schema_diff_never_includes_values ... ok

test result: ok. 1 passed; 0 failed; 0 ignored; 0 measured; 0 filtered out; finished in 0.01s

     Running unittests src/main.rs (target/debug/deps/rehearsal-1af613f98526467c)

running 0 tests

test result: ok. 0 passed; 0 failed; 0 ignored; 0 measured; 0 filtered out; finished in 0.00s

     Running tests/cli.rs (target/debug/deps/cli-27f196f1e3a208d8)

running 4 tests
test bad_declaration_explains_the_next_step ... ok
test demo_refuses_to_overwrite_a_nonempty_directory ... ok
test demo_writes_both_receipts ... ok
test receipt_redacts_declaration_notes_before_marking_it_customer_safe ... ok

test result: ok. 4 passed; 0 failed; 0 ignored; 0 measured; 0 filtered out; finished in 0.06s

   Doc-tests rehearsal

running 0 tests

test result: ok. 0 passed; 0 failed; 0 ignored; 0 measured; 0 filtered out; finished in 0.00s


> selfhost-upgrade-rehearsal@0.1.2 build:site
> npm run build:assets && vite build --config site/vite.config.ts && node scripts/build-site.mjs


> selfhost-upgrade-rehearsal@0.1.2 build:assets
> node scripts/build-images.mjs

vite v7.3.6 building client environment for production...
transforming...
✓ 4 modules transformed.
rendering chunks...
computing gzip size...
../dist/site/index.html                  1.78 kB │ gzip: 0.66 kB
../dist/site/assets/index-B9IVHe6m.css  13.07 kB │ gzip: 3.70 kB
../dist/site/assets/index-Ciep9Kdj.js   21.61 kB │ gzip: 7.43 kB
✓ built in 296ms
[WebServer] (node:8457) Warning: The 'NO_COLOR' env is ignored due to the 'FORCE_COLOR' env being set.
[WebServer] (Use `node --trace-warnings ...` to show where the warning was created)

Running 2 tests using 2 workers

(node:8475) Warning: The 'NO_COLOR' env is ignored due to the 'FORCE_COLOR' env being set.
(Use `node --trace-warnings ...` to show where the warning was created)
(node:8476) Warning: The 'NO_COLOR' env is ignored due to the 'FORCE_COLOR' env being set.
(Use `node --trace-warnings ...` to show where the warning was created)
(node:8475) Warning: The 'NO_COLOR' env is ignored due to the 'FORCE_COLOR' env being set.
(Use `node --trace-warnings ...` to show where the warning was created)
(node:8476) Warning: The 'NO_COLOR' env is ignored due to the 'FORCE_COLOR' env being set.
(Use `node --trace-warnings ...` to show where the warning was created)
  ✓  1 [mobile] › e2e/site.spec.ts:172:1 › @claim:schema-redaction receipt schema changes exclude values (200ms)
  ✓  2 [chromium] › e2e/site.spec.ts:172:1 › @claim:schema-redaction receipt schema changes exclude values (103ms)

  2 passed (5.5s)
===== RESULT schema-redaction: PASS =====

===== CLAIM customer-safe-receipt: npm test -- --grep @claim:customer-safe-receipt =====

> selfhost-upgrade-rehearsal@0.1.2 test
> cargo test && npm run build:site && playwright test --grep @claim:customer-safe-receipt

    Finished `test` profile [unoptimized + debuginfo] target(s) in 0.06s
     Running unittests src/lib.rs (target/debug/deps/rehearsal-da70bb3259a62e20)

running 1 test
test tests::schema_diff_never_includes_values ... ok

test result: ok. 1 passed; 0 failed; 0 ignored; 0 measured; 0 filtered out; finished in 0.00s

     Running unittests src/main.rs (target/debug/deps/rehearsal-1af613f98526467c)

running 0 tests

test result: ok. 0 passed; 0 failed; 0 ignored; 0 measured; 0 filtered out; finished in 0.00s

     Running tests/cli.rs (target/debug/deps/cli-27f196f1e3a208d8)

running 4 tests
test bad_declaration_explains_the_next_step ... ok
test demo_refuses_to_overwrite_a_nonempty_directory ... ok
test demo_writes_both_receipts ... ok
test receipt_redacts_declaration_notes_before_marking_it_customer_safe ... ok

test result: ok. 4 passed; 0 failed; 0 ignored; 0 measured; 0 filtered out; finished in 0.05s

   Doc-tests rehearsal

running 0 tests

test result: ok. 0 passed; 0 failed; 0 ignored; 0 measured; 0 filtered out; finished in 0.00s


> selfhost-upgrade-rehearsal@0.1.2 build:site
> npm run build:assets && vite build --config site/vite.config.ts && node scripts/build-site.mjs


> selfhost-upgrade-rehearsal@0.1.2 build:assets
> node scripts/build-images.mjs

vite v7.3.6 building client environment for production...
transforming...
✓ 4 modules transformed.
rendering chunks...
computing gzip size...
../dist/site/index.html                  1.78 kB │ gzip: 0.66 kB
../dist/site/assets/index-B9IVHe6m.css  13.07 kB │ gzip: 3.70 kB
../dist/site/assets/index-Ciep9Kdj.js   21.61 kB │ gzip: 7.43 kB
✓ built in 217ms
[WebServer] (node:8701) Warning: The 'NO_COLOR' env is ignored due to the 'FORCE_COLOR' env being set.
[WebServer] (Use `node --trace-warnings ...` to show where the warning was created)

Running 2 tests using 2 workers

(node:8720) Warning: The 'NO_COLOR' env is ignored due to the 'FORCE_COLOR' env being set.
(Use `node --trace-warnings ...` to show where the warning was created)
(node:8719) Warning: The 'NO_COLOR' env is ignored due to the 'FORCE_COLOR' env being set.
(Use `node --trace-warnings ...` to show where the warning was created)
(node:8720) Warning: The 'NO_COLOR' env is ignored due to the 'FORCE_COLOR' env being set.
(Use `node --trace-warnings ...` to show where the warning was created)
(node:8719) Warning: The 'NO_COLOR' env is ignored due to the 'FORCE_COLOR' env being set.
(Use `node --trace-warnings ...` to show where the warning was created)
  ✓  1 [mobile] › e2e/site.spec.ts:187:1 › @claim:customer-safe-receipt customer-safe receipts omit declaration notes and hook output (177ms)
  ✓  2 [chromium] › e2e/site.spec.ts:187:1 › @claim:customer-safe-receipt customer-safe receipts omit declaration notes and hook output (106ms)

  2 passed (5.6s)
===== RESULT customer-safe-receipt: PASS =====

===== CLAIM temporary-workspace: npm test -- --grep @claim:temporary-workspace =====

> selfhost-upgrade-rehearsal@0.1.2 test
> cargo test && npm run build:site && playwright test --grep @claim:temporary-workspace

    Finished `test` profile [unoptimized + debuginfo] target(s) in 0.05s
     Running unittests src/lib.rs (target/debug/deps/rehearsal-da70bb3259a62e20)

running 1 test
test tests::schema_diff_never_includes_values ... ok

test result: ok. 1 passed; 0 failed; 0 ignored; 0 measured; 0 filtered out; finished in 0.00s

     Running unittests src/main.rs (target/debug/deps/rehearsal-1af613f98526467c)

running 0 tests

test result: ok. 0 passed; 0 failed; 0 ignored; 0 measured; 0 filtered out; finished in 0.00s

     Running tests/cli.rs (target/debug/deps/cli-27f196f1e3a208d8)

running 4 tests
test bad_declaration_explains_the_next_step ... ok
test demo_refuses_to_overwrite_a_nonempty_directory ... ok
test demo_writes_both_receipts ... ok
test receipt_redacts_declaration_notes_before_marking_it_customer_safe ... ok

test result: ok. 4 passed; 0 failed; 0 ignored; 0 measured; 0 filtered out; finished in 0.05s

   Doc-tests rehearsal

running 0 tests

test result: ok. 0 passed; 0 failed; 0 ignored; 0 measured; 0 filtered out; finished in 0.00s


> selfhost-upgrade-rehearsal@0.1.2 build:site
> npm run build:assets && vite build --config site/vite.config.ts && node scripts/build-site.mjs


> selfhost-upgrade-rehearsal@0.1.2 build:assets
> node scripts/build-images.mjs

vite v7.3.6 building client environment for production...
transforming...
✓ 4 modules transformed.
rendering chunks...
computing gzip size...
../dist/site/index.html                  1.78 kB │ gzip: 0.66 kB
../dist/site/assets/index-B9IVHe6m.css  13.07 kB │ gzip: 3.70 kB
../dist/site/assets/index-Ciep9Kdj.js   21.61 kB │ gzip: 7.43 kB
✓ built in 258ms
[WebServer] (node:8926) Warning: The 'NO_COLOR' env is ignored due to the 'FORCE_COLOR' env being set.
[WebServer] (Use `node --trace-warnings ...` to show where the warning was created)

Running 2 tests using 2 workers

(node:8944) Warning: The 'NO_COLOR' env is ignored due to the 'FORCE_COLOR' env being set.
(Use `node --trace-warnings ...` to show where the warning was created)
(node:8945) Warning: The 'NO_COLOR' env is ignored due to the 'FORCE_COLOR' env being set.
(Use `node --trace-warnings ...` to show where the warning was created)
(node:8945) Warning: The 'NO_COLOR' env is ignored due to the 'FORCE_COLOR' env being set.
(Use `node --trace-warnings ...` to show where the warning was created)
(node:8944) Warning: The 'NO_COLOR' env is ignored due to the 'FORCE_COLOR' env being set.
(Use `node --trace-warnings ...` to show where the warning was created)
  ✓  1 [mobile] › e2e/site.spec.ts:200:1 › @claim:temporary-workspace demo creates its own temporary project directory (124ms)
  ✓  2 [chromium] › e2e/site.spec.ts:200:1 › @claim:temporary-workspace demo creates its own temporary project directory (108ms)

  2 passed (5.3s)
===== RESULT temporary-workspace: PASS =====

===== CLAIM argument-arrays: npm test -- --grep @claim:argument-arrays =====

> selfhost-upgrade-rehearsal@0.1.2 test
> cargo test && npm run build:site && playwright test --grep @claim:argument-arrays

    Finished `test` profile [unoptimized + debuginfo] target(s) in 0.04s
     Running unittests src/lib.rs (target/debug/deps/rehearsal-da70bb3259a62e20)

running 1 test
test tests::schema_diff_never_includes_values ... ok

test result: ok. 1 passed; 0 failed; 0 ignored; 0 measured; 0 filtered out; finished in 0.00s

     Running unittests src/main.rs (target/debug/deps/rehearsal-1af613f98526467c)

running 0 tests

test result: ok. 0 passed; 0 failed; 0 ignored; 0 measured; 0 filtered out; finished in 0.00s

     Running tests/cli.rs (target/debug/deps/cli-27f196f1e3a208d8)

running 4 tests
test bad_declaration_explains_the_next_step ... ok
test demo_refuses_to_overwrite_a_nonempty_directory ... ok
test demo_writes_both_receipts ... ok
test receipt_redacts_declaration_notes_before_marking_it_customer_safe ... ok

test result: ok. 4 passed; 0 failed; 0 ignored; 0 measured; 0 filtered out; finished in 0.05s

   Doc-tests rehearsal

running 0 tests

test result: ok. 0 passed; 0 failed; 0 ignored; 0 measured; 0 filtered out; finished in 0.00s


> selfhost-upgrade-rehearsal@0.1.2 build:site
> npm run build:assets && vite build --config site/vite.config.ts && node scripts/build-site.mjs


> selfhost-upgrade-rehearsal@0.1.2 build:assets
> node scripts/build-images.mjs

vite v7.3.6 building client environment for production...
transforming...
✓ 4 modules transformed.
rendering chunks...
computing gzip size...
../dist/site/index.html                  1.78 kB │ gzip: 0.66 kB
../dist/site/assets/index-B9IVHe6m.css  13.07 kB │ gzip: 3.70 kB
../dist/site/assets/index-Ciep9Kdj.js   21.61 kB │ gzip: 7.43 kB
✓ built in 212ms
[WebServer] (node:9151) Warning: The 'NO_COLOR' env is ignored due to the 'FORCE_COLOR' env being set.
[WebServer] (Use `node --trace-warnings ...` to show where the warning was created)

Running 2 tests using 2 workers

(node:9169) Warning: The 'NO_COLOR' env is ignored due to the 'FORCE_COLOR' env being set.
(Use `node --trace-warnings ...` to show where the warning was created)
(node:9171) Warning: The 'NO_COLOR' env is ignored due to the 'FORCE_COLOR' env being set.
(Use `node --trace-warnings ...` to show where the warning was created)
(node:9169) Warning: The 'NO_COLOR' env is ignored due to the 'FORCE_COLOR' env being set.
(Use `node --trace-warnings ...` to show where the warning was created)
(node:9171) Warning: The 'NO_COLOR' env is ignored due to the 'FORCE_COLOR' env being set.
(Use `node --trace-warnings ...` to show where the warning was created)
  ✓  1 [chromium] › e2e/site.spec.ts:207:1 › @claim:argument-arrays hook arguments are passed without shell parsing (108ms)
  ✓  2 [mobile] › e2e/site.spec.ts:207:1 › @claim:argument-arrays hook arguments are passed without shell parsing (46ms)

  2 passed (5.3s)
===== RESULT argument-arrays: PASS =====

===== CLAIM exit-codes: npm test -- --grep @claim:exit-codes =====

> selfhost-upgrade-rehearsal@0.1.2 test
> cargo test && npm run build:site && playwright test --grep @claim:exit-codes

    Finished `test` profile [unoptimized + debuginfo] target(s) in 0.05s
     Running unittests src/lib.rs (target/debug/deps/rehearsal-da70bb3259a62e20)

running 1 test
test tests::schema_diff_never_includes_values ... ok

test result: ok. 1 passed; 0 failed; 0 ignored; 0 measured; 0 filtered out; finished in 0.00s

     Running unittests src/main.rs (target/debug/deps/rehearsal-1af613f98526467c)

running 0 tests

test result: ok. 0 passed; 0 failed; 0 ignored; 0 measured; 0 filtered out; finished in 0.00s

     Running tests/cli.rs (target/debug/deps/cli-27f196f1e3a208d8)

running 4 tests
test bad_declaration_explains_the_next_step ... ok
test demo_refuses_to_overwrite_a_nonempty_directory ... ok
test demo_writes_both_receipts ... ok
test receipt_redacts_declaration_notes_before_marking_it_customer_safe ... ok

test result: ok. 4 passed; 0 failed; 0 ignored; 0 measured; 0 filtered out; finished in 0.12s

   Doc-tests rehearsal

running 0 tests

test result: ok. 0 passed; 0 failed; 0 ignored; 0 measured; 0 filtered out; finished in 0.00s


> selfhost-upgrade-rehearsal@0.1.2 build:site
> npm run build:assets && vite build --config site/vite.config.ts && node scripts/build-site.mjs


> selfhost-upgrade-rehearsal@0.1.2 build:assets
> node scripts/build-images.mjs

vite v7.3.6 building client environment for production...
transforming...
✓ 4 modules transformed.
rendering chunks...
computing gzip size...
../dist/site/index.html                  1.78 kB │ gzip: 0.66 kB
../dist/site/assets/index-B9IVHe6m.css  13.07 kB │ gzip: 3.70 kB
../dist/site/assets/index-Ciep9Kdj.js   21.61 kB │ gzip: 7.43 kB
✓ built in 206ms
[WebServer] (node:9376) Warning: The 'NO_COLOR' env is ignored due to the 'FORCE_COLOR' env being set.
[WebServer] (Use `node --trace-warnings ...` to show where the warning was created)

Running 2 tests using 2 workers

(node:9395) Warning: The 'NO_COLOR' env is ignored due to the 'FORCE_COLOR' env being set.
(Use `node --trace-warnings ...` to show where the warning was created)
(node:9394) Warning: The 'NO_COLOR' env is ignored due to the 'FORCE_COLOR' env being set.
(Use `node --trace-warnings ...` to show where the warning was created)
(node:9395) Warning: The 'NO_COLOR' env is ignored due to the 'FORCE_COLOR' env being set.
(Use `node --trace-warnings ...` to show where the warning was created)
(node:9394) Warning: The 'NO_COLOR' env is ignored due to the 'FORCE_COLOR' env being set.
(Use `node --trace-warnings ...` to show where the warning was created)
  ✓  1 [mobile] › e2e/site.spec.ts:217:1 › @claim:exit-codes failed checks return 1 and invalid declarations return 2 (112ms)
  ✓  2 [chromium] › e2e/site.spec.ts:217:1 › @claim:exit-codes failed checks return 1 and invalid declarations return 2 (95ms)

  2 passed (5.5s)
===== RESULT exit-codes: PASS =====

===== CLAIM unsigned-packages: npm test -- --grep @claim:unsigned-packages =====

> selfhost-upgrade-rehearsal@0.1.2 test
> cargo test && npm run build:site && playwright test --grep @claim:unsigned-packages

    Finished `test` profile [unoptimized + debuginfo] target(s) in 0.05s
     Running unittests src/lib.rs (target/debug/deps/rehearsal-da70bb3259a62e20)

running 1 test
test tests::schema_diff_never_includes_values ... ok

test result: ok. 1 passed; 0 failed; 0 ignored; 0 measured; 0 filtered out; finished in 0.00s

     Running unittests src/main.rs (target/debug/deps/rehearsal-1af613f98526467c)

running 0 tests

test result: ok. 0 passed; 0 failed; 0 ignored; 0 measured; 0 filtered out; finished in 0.00s

     Running tests/cli.rs (target/debug/deps/cli-27f196f1e3a208d8)

running 4 tests
test bad_declaration_explains_the_next_step ... ok
test demo_refuses_to_overwrite_a_nonempty_directory ... ok
test demo_writes_both_receipts ... ok
test receipt_redacts_declaration_notes_before_marking_it_customer_safe ... ok

test result: ok. 4 passed; 0 failed; 0 ignored; 0 measured; 0 filtered out; finished in 0.05s

   Doc-tests rehearsal

running 0 tests

test result: ok. 0 passed; 0 failed; 0 ignored; 0 measured; 0 filtered out; finished in 0.00s


> selfhost-upgrade-rehearsal@0.1.2 build:site
> npm run build:assets && vite build --config site/vite.config.ts && node scripts/build-site.mjs


> selfhost-upgrade-rehearsal@0.1.2 build:assets
> node scripts/build-images.mjs

vite v7.3.6 building client environment for production...
transforming...
✓ 4 modules transformed.
rendering chunks...
computing gzip size...
../dist/site/index.html                  1.78 kB │ gzip: 0.66 kB
../dist/site/assets/index-B9IVHe6m.css  13.07 kB │ gzip: 3.70 kB
../dist/site/assets/index-Ciep9Kdj.js   21.61 kB │ gzip: 7.43 kB
✓ built in 232ms
[WebServer] (node:9610) Warning: The 'NO_COLOR' env is ignored due to the 'FORCE_COLOR' env being set.
[WebServer] (Use `node --trace-warnings ...` to show where the warning was created)

Running 2 tests using 2 workers

(node:9628) Warning: The 'NO_COLOR' env is ignored due to the 'FORCE_COLOR' env being set.
(Use `node --trace-warnings ...` to show where the warning was created)
(node:9629) Warning: The 'NO_COLOR' env is ignored due to the 'FORCE_COLOR' env being set.
(Use `node --trace-warnings ...` to show where the warning was created)
(node:9628) Warning: The 'NO_COLOR' env is ignored due to the 'FORCE_COLOR' env being set.
(Use `node --trace-warnings ...` to show where the warning was created)
(node:9629) Warning: The 'NO_COLOR' env is ignored due to the 'FORCE_COLOR' env being set.
(Use `node --trace-warnings ...` to show where the warning was created)
  ✓  1 [mobile] › e2e/site.spec.ts:227:1 › @claim:unsigned-packages release workflow makes unsigned package formats explicit (82ms)
  ✓  2 [chromium] › e2e/site.spec.ts:227:1 › @claim:unsigned-packages release workflow makes unsigned package formats explicit (79ms)

  2 passed (5.2s)
===== RESULT unsigned-packages: PASS =====

===== CLAIM cli-no-upload: npm test -- --grep @claim:cli-no-upload =====

> selfhost-upgrade-rehearsal@0.1.2 test
> cargo test && npm run build:site && playwright test --grep @claim:cli-no-upload

    Finished `test` profile [unoptimized + debuginfo] target(s) in 0.05s
     Running unittests src/lib.rs (target/debug/deps/rehearsal-da70bb3259a62e20)

running 1 test
test tests::schema_diff_never_includes_values ... ok

test result: ok. 1 passed; 0 failed; 0 ignored; 0 measured; 0 filtered out; finished in 0.00s

     Running unittests src/main.rs (target/debug/deps/rehearsal-1af613f98526467c)

running 0 tests

test result: ok. 0 passed; 0 failed; 0 ignored; 0 measured; 0 filtered out; finished in 0.00s

     Running tests/cli.rs (target/debug/deps/cli-27f196f1e3a208d8)

running 4 tests
test bad_declaration_explains_the_next_step ... ok
test demo_refuses_to_overwrite_a_nonempty_directory ... ok
test demo_writes_both_receipts ... ok
test receipt_redacts_declaration_notes_before_marking_it_customer_safe ... ok

test result: ok. 4 passed; 0 failed; 0 ignored; 0 measured; 0 filtered out; finished in 0.05s

   Doc-tests rehearsal

running 0 tests

test result: ok. 0 passed; 0 failed; 0 ignored; 0 measured; 0 filtered out; finished in 0.00s


> selfhost-upgrade-rehearsal@0.1.2 build:site
> npm run build:assets && vite build --config site/vite.config.ts && node scripts/build-site.mjs


> selfhost-upgrade-rehearsal@0.1.2 build:assets
> node scripts/build-images.mjs

vite v7.3.6 building client environment for production...
transforming...
✓ 4 modules transformed.
rendering chunks...
computing gzip size...
../dist/site/index.html                  1.78 kB │ gzip: 0.66 kB
../dist/site/assets/index-B9IVHe6m.css  13.07 kB │ gzip: 3.70 kB
../dist/site/assets/index-Ciep9Kdj.js   21.61 kB │ gzip: 7.43 kB
✓ built in 220ms
[WebServer] (node:9815) Warning: The 'NO_COLOR' env is ignored due to the 'FORCE_COLOR' env being set.
[WebServer] (Use `node --trace-warnings ...` to show where the warning was created)

Running 2 tests using 2 workers

(node:9834) Warning: The 'NO_COLOR' env is ignored due to the 'FORCE_COLOR' env being set.
(Use `node --trace-warnings ...` to show where the warning was created)
(node:9833) Warning: The 'NO_COLOR' env is ignored due to the 'FORCE_COLOR' env being set.
(Use `node --trace-warnings ...` to show where the warning was created)
(node:9834) Warning: The 'NO_COLOR' env is ignored due to the 'FORCE_COLOR' env being set.
(Use `node --trace-warnings ...` to show where the warning was created)
(node:9833) Warning: The 'NO_COLOR' env is ignored due to the 'FORCE_COLOR' env being set.
(Use `node --trace-warnings ...` to show where the warning was created)
  ✓  1 [mobile] › e2e/site.spec.ts:235:1 › @claim:cli-no-upload CLI contains no network client or telemetry path (9ms)
  ✓  2 [chromium] › e2e/site.spec.ts:235:1 › @claim:cli-no-upload CLI contains no network client or telemetry path (80ms)

  2 passed (5.3s)
===== RESULT cli-no-upload: PASS =====

===== CLAIM team-kit-license: npm test -- --grep @claim:team-kit-license =====

> selfhost-upgrade-rehearsal@0.1.2 test
> cargo test && npm run build:site && playwright test --grep @claim:team-kit-license

    Finished `test` profile [unoptimized + debuginfo] target(s) in 0.06s
     Running unittests src/lib.rs (target/debug/deps/rehearsal-da70bb3259a62e20)

running 1 test
test tests::schema_diff_never_includes_values ... ok

test result: ok. 1 passed; 0 failed; 0 ignored; 0 measured; 0 filtered out; finished in 0.00s

     Running unittests src/main.rs (target/debug/deps/rehearsal-1af613f98526467c)

running 0 tests

test result: ok. 0 passed; 0 failed; 0 ignored; 0 measured; 0 filtered out; finished in 0.00s

     Running tests/cli.rs (target/debug/deps/cli-27f196f1e3a208d8)

running 4 tests
test bad_declaration_explains_the_next_step ... ok
test demo_refuses_to_overwrite_a_nonempty_directory ... ok
test demo_writes_both_receipts ... ok
test receipt_redacts_declaration_notes_before_marking_it_customer_safe ... ok

test result: ok. 4 passed; 0 failed; 0 ignored; 0 measured; 0 filtered out; finished in 0.05s

   Doc-tests rehearsal

running 0 tests

test result: ok. 0 passed; 0 failed; 0 ignored; 0 measured; 0 filtered out; finished in 0.00s


> selfhost-upgrade-rehearsal@0.1.2 build:site
> npm run build:assets && vite build --config site/vite.config.ts && node scripts/build-site.mjs


> selfhost-upgrade-rehearsal@0.1.2 build:assets
> node scripts/build-images.mjs

vite v7.3.6 building client environment for production...
transforming...
✓ 4 modules transformed.
rendering chunks...
computing gzip size...
../dist/site/index.html                  1.78 kB │ gzip: 0.66 kB
../dist/site/assets/index-B9IVHe6m.css  13.07 kB │ gzip: 3.70 kB
../dist/site/assets/index-Ciep9Kdj.js   21.61 kB │ gzip: 7.43 kB
✓ built in 208ms
[WebServer] (node:10020) Warning: The 'NO_COLOR' env is ignored due to the 'FORCE_COLOR' env being set.
[WebServer] (Use `node --trace-warnings ...` to show where the warning was created)

Running 2 tests using 2 workers

(node:10039) Warning: The 'NO_COLOR' env is ignored due to the 'FORCE_COLOR' env being set.
(Use `node --trace-warnings ...` to show where the warning was created)
(node:10038) Warning: The 'NO_COLOR' env is ignored due to the 'FORCE_COLOR' env being set.
(Use `node --trace-warnings ...` to show where the warning was created)
(node:10038) Warning: The 'NO_COLOR' env is ignored due to the 'FORCE_COLOR' env being set.
(Use `node --trace-warnings ...` to show where the warning was created)
(node:10039) Warning: The 'NO_COLOR' env is ignored due to the 'FORCE_COLOR' env being set.
(Use `node --trace-warnings ...` to show where the warning was created)
  ✓  1 [chromium] › e2e/site.spec.ts:242:1 › @claim:team-kit-license valid license restores the Team CI kit (1.8s)
  ✓  2 [mobile] › e2e/site.spec.ts:242:1 › @claim:team-kit-license valid license restores the Team CI kit (1.8s)

  2 passed (7.6s)
===== RESULT team-kit-license: PASS =====

===== CLAIM declared-upgrade-path: npm test -- --grep @claim:declared-upgrade-path =====

> selfhost-upgrade-rehearsal@0.1.2 test
> cargo test && npm run build:site && playwright test --grep @claim:declared-upgrade-path

    Finished `test` profile [unoptimized + debuginfo] target(s) in 0.06s
     Running unittests src/lib.rs (target/debug/deps/rehearsal-da70bb3259a62e20)

running 1 test
test tests::schema_diff_never_includes_values ... ok

test result: ok. 1 passed; 0 failed; 0 ignored; 0 measured; 0 filtered out; finished in 0.00s

     Running unittests src/main.rs (target/debug/deps/rehearsal-1af613f98526467c)

running 0 tests

test result: ok. 0 passed; 0 failed; 0 ignored; 0 measured; 0 filtered out; finished in 0.00s

     Running tests/cli.rs (target/debug/deps/cli-27f196f1e3a208d8)

running 4 tests
test bad_declaration_explains_the_next_step ... ok
test demo_refuses_to_overwrite_a_nonempty_directory ... ok
test demo_writes_both_receipts ... ok
test receipt_redacts_declaration_notes_before_marking_it_customer_safe ... ok

test result: ok. 4 passed; 0 failed; 0 ignored; 0 measured; 0 filtered out; finished in 0.04s

   Doc-tests rehearsal

running 0 tests

test result: ok. 0 passed; 0 failed; 0 ignored; 0 measured; 0 filtered out; finished in 0.00s


> selfhost-upgrade-rehearsal@0.1.2 build:site
> npm run build:assets && vite build --config site/vite.config.ts && node scripts/build-site.mjs


> selfhost-upgrade-rehearsal@0.1.2 build:assets
> node scripts/build-images.mjs

vite v7.3.6 building client environment for production...
transforming...
✓ 4 modules transformed.
rendering chunks...
computing gzip size...
../dist/site/index.html                  1.78 kB │ gzip: 0.66 kB
../dist/site/assets/index-B9IVHe6m.css  13.07 kB │ gzip: 3.70 kB
../dist/site/assets/index-Ciep9Kdj.js   21.61 kB │ gzip: 7.43 kB
✓ built in 245ms
[WebServer] (node:10361) Warning: The 'NO_COLOR' env is ignored due to the 'FORCE_COLOR' env being set.
[WebServer] (Use `node --trace-warnings ...` to show where the warning was created)

Running 2 tests using 2 workers

(node:10380) Warning: The 'NO_COLOR' env is ignored due to the 'FORCE_COLOR' env being set.
(Use `node --trace-warnings ...` to show where the warning was created)
(node:10379) Warning: The 'NO_COLOR' env is ignored due to the 'FORCE_COLOR' env being set.
(Use `node --trace-warnings ...` to show where the warning was created)
(node:10379) Warning: The 'NO_COLOR' env is ignored due to the 'FORCE_COLOR' env being set.
(Use `node --trace-warnings ...` to show where the warning was created)
(node:10380) Warning: The 'NO_COLOR' env is ignored due to the 'FORCE_COLOR' env being set.
(Use `node --trace-warnings ...` to show where the warning was created)
  ✓  2 [chromium] › e2e/site.spec.ts:258:1 › @claim:declared-upgrade-path receipt records the one declared source and target path (97ms)
  ✓  1 [mobile] › e2e/site.spec.ts:258:1 › @claim:declared-upgrade-path receipt records the one declared source and target path (100ms)

  2 passed (5.3s)
===== RESULT declared-upgrade-path: PASS =====

===== CLAIM customer-boundary: npm test -- --grep @claim:customer-boundary =====

> selfhost-upgrade-rehearsal@0.1.2 test
> cargo test && npm run build:site && playwright test --grep @claim:customer-boundary

    Finished `test` profile [unoptimized + debuginfo] target(s) in 0.05s
     Running unittests src/lib.rs (target/debug/deps/rehearsal-da70bb3259a62e20)

running 1 test
test tests::schema_diff_never_includes_values ... ok

test result: ok. 1 passed; 0 failed; 0 ignored; 0 measured; 0 filtered out; finished in 0.00s

     Running unittests src/main.rs (target/debug/deps/rehearsal-1af613f98526467c)

running 0 tests

test result: ok. 0 passed; 0 failed; 0 ignored; 0 measured; 0 filtered out; finished in 0.00s

     Running tests/cli.rs (target/debug/deps/cli-27f196f1e3a208d8)

running 4 tests
test bad_declaration_explains_the_next_step ... ok
test demo_refuses_to_overwrite_a_nonempty_directory ... ok
test demo_writes_both_receipts ... ok
test receipt_redacts_declaration_notes_before_marking_it_customer_safe ... ok

test result: ok. 4 passed; 0 failed; 0 ignored; 0 measured; 0 filtered out; finished in 0.05s

   Doc-tests rehearsal

running 0 tests

test result: ok. 0 passed; 0 failed; 0 ignored; 0 measured; 0 filtered out; finished in 0.00s


> selfhost-upgrade-rehearsal@0.1.2 build:site
> npm run build:assets && vite build --config site/vite.config.ts && node scripts/build-site.mjs


> selfhost-upgrade-rehearsal@0.1.2 build:assets
> node scripts/build-images.mjs

vite v7.3.6 building client environment for production...
transforming...
✓ 4 modules transformed.
rendering chunks...
computing gzip size...
../dist/site/index.html                  1.78 kB │ gzip: 0.66 kB
../dist/site/assets/index-B9IVHe6m.css  13.07 kB │ gzip: 3.70 kB
../dist/site/assets/index-Ciep9Kdj.js   21.61 kB │ gzip: 7.43 kB
✓ built in 219ms
[WebServer] (node:10587) Warning: The 'NO_COLOR' env is ignored due to the 'FORCE_COLOR' env being set.
[WebServer] (Use `node --trace-warnings ...` to show where the warning was created)

Running 2 tests using 2 workers

(node:10605) Warning: The 'NO_COLOR' env is ignored due to the 'FORCE_COLOR' env being set.
(Use `node --trace-warnings ...` to show where the warning was created)
(node:10606) Warning: The 'NO_COLOR' env is ignored due to the 'FORCE_COLOR' env being set.
(Use `node --trace-warnings ...` to show where the warning was created)
(node:10605) Warning: The 'NO_COLOR' env is ignored due to the 'FORCE_COLOR' env being set.
(Use `node --trace-warnings ...` to show where the warning was created)
(node:10606) Warning: The 'NO_COLOR' env is ignored due to the 'FORCE_COLOR' env being set.
(Use `node --trace-warnings ...` to show where the warning was created)
  ✓  1 [chromium] › e2e/site.spec.ts:269:1 › @claim:customer-boundary hostile customer paths are never contacted or modified (119ms)
  ✓  2 [mobile] › e2e/site.spec.ts:269:1 › @claim:customer-boundary hostile customer paths are never contacted or modified (111ms)

  2 passed (5.3s)
===== RESULT customer-boundary: PASS =====

===== CLAIM receipt-scope: npm test -- --grep @claim:receipt-scope =====

> selfhost-upgrade-rehearsal@0.1.2 test
> cargo test && npm run build:site && playwright test --grep @claim:receipt-scope

    Finished `test` profile [unoptimized + debuginfo] target(s) in 0.06s
     Running unittests src/lib.rs (target/debug/deps/rehearsal-da70bb3259a62e20)

running 1 test
test tests::schema_diff_never_includes_values ... ok

test result: ok. 1 passed; 0 failed; 0 ignored; 0 measured; 0 filtered out; finished in 0.00s

     Running unittests src/main.rs (target/debug/deps/rehearsal-1af613f98526467c)

running 0 tests

test result: ok. 0 passed; 0 failed; 0 ignored; 0 measured; 0 filtered out; finished in 0.00s

     Running tests/cli.rs (target/debug/deps/cli-27f196f1e3a208d8)

running 4 tests
test bad_declaration_explains_the_next_step ... ok
test demo_refuses_to_overwrite_a_nonempty_directory ... ok
test demo_writes_both_receipts ... ok
test receipt_redacts_declaration_notes_before_marking_it_customer_safe ... ok

test result: ok. 4 passed; 0 failed; 0 ignored; 0 measured; 0 filtered out; finished in 0.04s

   Doc-tests rehearsal

running 0 tests

test result: ok. 0 passed; 0 failed; 0 ignored; 0 measured; 0 filtered out; finished in 0.00s


> selfhost-upgrade-rehearsal@0.1.2 build:site
> npm run build:assets && vite build --config site/vite.config.ts && node scripts/build-site.mjs


> selfhost-upgrade-rehearsal@0.1.2 build:assets
> node scripts/build-images.mjs

vite v7.3.6 building client environment for production...
transforming...
✓ 4 modules transformed.
rendering chunks...
computing gzip size...
../dist/site/index.html                  1.78 kB │ gzip: 0.66 kB
../dist/site/assets/index-B9IVHe6m.css  13.07 kB │ gzip: 3.70 kB
../dist/site/assets/index-Ciep9Kdj.js   21.61 kB │ gzip: 7.43 kB
✓ built in 194ms
[WebServer] (node:10813) Warning: The 'NO_COLOR' env is ignored due to the 'FORCE_COLOR' env being set.
[WebServer] (Use `node --trace-warnings ...` to show where the warning was created)

Running 2 tests using 2 workers

(node:10831) Warning: The 'NO_COLOR' env is ignored due to the 'FORCE_COLOR' env being set.
(Use `node --trace-warnings ...` to show where the warning was created)
(node:10837) Warning: The 'NO_COLOR' env is ignored due to the 'FORCE_COLOR' env being set.
(Use `node --trace-warnings ...` to show where the warning was created)
(node:10831) Warning: The 'NO_COLOR' env is ignored due to the 'FORCE_COLOR' env being set.
(Use `node --trace-warnings ...` to show where the warning was created)
(node:10837) Warning: The 'NO_COLOR' env is ignored due to the 'FORCE_COLOR' env being set.
(Use `node --trace-warnings ...` to show where the warning was created)
  ✓  1 [chromium] › e2e/site.spec.ts:284:1 › @claim:receipt-scope receipt names only its tested versions and supported environments (176ms)
  ✓  2 [mobile] › e2e/site.spec.ts:284:1 › @claim:receipt-scope receipt names only its tested versions and supported environments (102ms)

  2 passed (5.1s)
===== RESULT receipt-scope: PASS =====

===== CLAIM team-kit-price-scope: npm test -- --grep @claim:team-kit-price-scope =====

> selfhost-upgrade-rehearsal@0.1.2 test
> cargo test && npm run build:site && playwright test --grep @claim:team-kit-price-scope

    Finished `test` profile [unoptimized + debuginfo] target(s) in 0.05s
     Running unittests src/lib.rs (target/debug/deps/rehearsal-da70bb3259a62e20)

running 1 test
test tests::schema_diff_never_includes_values ... ok

test result: ok. 1 passed; 0 failed; 0 ignored; 0 measured; 0 filtered out; finished in 0.01s

     Running unittests src/main.rs (target/debug/deps/rehearsal-1af613f98526467c)

running 0 tests

test result: ok. 0 passed; 0 failed; 0 ignored; 0 measured; 0 filtered out; finished in 0.00s

     Running tests/cli.rs (target/debug/deps/cli-27f196f1e3a208d8)

running 4 tests
test bad_declaration_explains_the_next_step ... ok
test demo_refuses_to_overwrite_a_nonempty_directory ... ok
test demo_writes_both_receipts ... ok
test receipt_redacts_declaration_notes_before_marking_it_customer_safe ... ok

test result: ok. 4 passed; 0 failed; 0 ignored; 0 measured; 0 filtered out; finished in 0.05s

   Doc-tests rehearsal

running 0 tests

test result: ok. 0 passed; 0 failed; 0 ignored; 0 measured; 0 filtered out; finished in 0.00s


> selfhost-upgrade-rehearsal@0.1.2 build:site
> npm run build:assets && vite build --config site/vite.config.ts && node scripts/build-site.mjs


> selfhost-upgrade-rehearsal@0.1.2 build:assets
> node scripts/build-images.mjs

vite v7.3.6 building client environment for production...
transforming...
✓ 4 modules transformed.
rendering chunks...
computing gzip size...
../dist/site/index.html                  1.78 kB │ gzip: 0.66 kB
../dist/site/assets/index-B9IVHe6m.css  13.07 kB │ gzip: 3.70 kB
../dist/site/assets/index-Ciep9Kdj.js   21.61 kB │ gzip: 7.43 kB
✓ built in 251ms
[WebServer] (node:11038) Warning: The 'NO_COLOR' env is ignored due to the 'FORCE_COLOR' env being set.
[WebServer] (Use `node --trace-warnings ...` to show where the warning was created)

Running 2 tests using 2 workers

(node:11062) Warning: The 'NO_COLOR' env is ignored due to the 'FORCE_COLOR' env being set.
(Use `node --trace-warnings ...` to show where the warning was created)
(node:11056) Warning: The 'NO_COLOR' env is ignored due to the 'FORCE_COLOR' env being set.
(Use `node --trace-warnings ...` to show where the warning was created)
(node:11056) Warning: The 'NO_COLOR' env is ignored due to the 'FORCE_COLOR' env being set.
(Use `node --trace-warnings ...` to show where the warning was created)
(node:11062) Warning: The 'NO_COLOR' env is ignored due to the 'FORCE_COLOR' env being set.
(Use `node --trace-warnings ...` to show where the warning was created)
  ✓  1 [chromium] › e2e/site.spec.ts:300:1 › @claim:team-kit-price-scope $79 one-time Team kit contains the documented CI checklist (1.8s)
  ✓  2 [mobile] › e2e/site.spec.ts:300:1 › @claim:team-kit-price-scope $79 one-time Team kit contains the documented CI checklist (1.6s)

  2 passed (7.5s)
===== RESULT team-kit-price-scope: PASS =====

===== CLAIM free-cli-formats: npm test -- --grep @claim:free-cli-formats =====

> selfhost-upgrade-rehearsal@0.1.2 test
> cargo test && npm run build:site && playwright test --grep @claim:free-cli-formats

    Finished `test` profile [unoptimized + debuginfo] target(s) in 0.10s
     Running unittests src/lib.rs (target/debug/deps/rehearsal-da70bb3259a62e20)

running 1 test
test tests::schema_diff_never_includes_values ... ok

test result: ok. 1 passed; 0 failed; 0 ignored; 0 measured; 0 filtered out; finished in 0.00s

     Running unittests src/main.rs (target/debug/deps/rehearsal-1af613f98526467c)

running 0 tests

test result: ok. 0 passed; 0 failed; 0 ignored; 0 measured; 0 filtered out; finished in 0.00s

     Running tests/cli.rs (target/debug/deps/cli-27f196f1e3a208d8)

running 4 tests
test bad_declaration_explains_the_next_step ... ok
test demo_refuses_to_overwrite_a_nonempty_directory ... ok
test demo_writes_both_receipts ... ok
test receipt_redacts_declaration_notes_before_marking_it_customer_safe ... ok

test result: ok. 4 passed; 0 failed; 0 ignored; 0 measured; 0 filtered out; finished in 0.04s

   Doc-tests rehearsal

running 0 tests

test result: ok. 0 passed; 0 failed; 0 ignored; 0 measured; 0 filtered out; finished in 0.00s


> selfhost-upgrade-rehearsal@0.1.2 build:site
> npm run build:assets && vite build --config site/vite.config.ts && node scripts/build-site.mjs


> selfhost-upgrade-rehearsal@0.1.2 build:assets
> node scripts/build-images.mjs

vite v7.3.6 building client environment for production...
transforming...
✓ 4 modules transformed.
rendering chunks...
computing gzip size...
../dist/site/index.html                  1.78 kB │ gzip: 0.66 kB
../dist/site/assets/index-B9IVHe6m.css  13.07 kB │ gzip: 3.70 kB
../dist/site/assets/index-Ciep9Kdj.js   21.61 kB │ gzip: 7.43 kB
✓ built in 253ms
[WebServer] (node:11384) Warning: The 'NO_COLOR' env is ignored due to the 'FORCE_COLOR' env being set.
[WebServer] (Use `node --trace-warnings ...` to show where the warning was created)

Running 2 tests using 2 workers

(node:11402) Warning: The 'NO_COLOR' env is ignored due to the 'FORCE_COLOR' env being set.
(Use `node --trace-warnings ...` to show where the warning was created)
(node:11408) Warning: The 'NO_COLOR' env is ignored due to the 'FORCE_COLOR' env being set.
(Use `node --trace-warnings ...` to show where the warning was created)
(node:11408) Warning: The 'NO_COLOR' env is ignored due to the 'FORCE_COLOR' env being set.
(Use `node --trace-warnings ...` to show where the warning was created)
(node:11402) Warning: The 'NO_COLOR' env is ignored due to the 'FORCE_COLOR' env being set.
(Use `node --trace-warnings ...` to show where the warning was created)
  ✓  1 [mobile] › e2e/site.spec.ts:314:1 › @claim:free-cli-formats both receipt formats work without a Team license (133ms)
  ✓  2 [chromium] › e2e/site.spec.ts:314:1 › @claim:free-cli-formats both receipt formats work without a Team license (104ms)

  2 passed (5.3s)
===== RESULT free-cli-formats: PASS =====

===== CLAIM sociobot-merchant: npm test -- --grep @claim:sociobot-merchant =====

> selfhost-upgrade-rehearsal@0.1.2 test
> cargo test && npm run build:site && playwright test --grep @claim:sociobot-merchant

    Finished `test` profile [unoptimized + debuginfo] target(s) in 0.06s
     Running unittests src/lib.rs (target/debug/deps/rehearsal-da70bb3259a62e20)

running 1 test
test tests::schema_diff_never_includes_values ... ok

test result: ok. 1 passed; 0 failed; 0 ignored; 0 measured; 0 filtered out; finished in 0.00s

     Running unittests src/main.rs (target/debug/deps/rehearsal-1af613f98526467c)

running 0 tests

test result: ok. 0 passed; 0 failed; 0 ignored; 0 measured; 0 filtered out; finished in 0.00s

     Running tests/cli.rs (target/debug/deps/cli-27f196f1e3a208d8)

running 4 tests
test bad_declaration_explains_the_next_step ... ok
test demo_refuses_to_overwrite_a_nonempty_directory ... ok
test demo_writes_both_receipts ... ok
test receipt_redacts_declaration_notes_before_marking_it_customer_safe ... ok

test result: ok. 4 passed; 0 failed; 0 ignored; 0 measured; 0 filtered out; finished in 0.05s

   Doc-tests rehearsal

running 0 tests

test result: ok. 0 passed; 0 failed; 0 ignored; 0 measured; 0 filtered out; finished in 0.00s


> selfhost-upgrade-rehearsal@0.1.2 build:site
> npm run build:assets && vite build --config site/vite.config.ts && node scripts/build-site.mjs


> selfhost-upgrade-rehearsal@0.1.2 build:assets
> node scripts/build-images.mjs

vite v7.3.6 building client environment for production...
transforming...
✓ 4 modules transformed.
rendering chunks...
computing gzip size...
../dist/site/index.html                  1.78 kB │ gzip: 0.66 kB
../dist/site/assets/index-B9IVHe6m.css  13.07 kB │ gzip: 3.70 kB
../dist/site/assets/index-Ciep9Kdj.js   21.61 kB │ gzip: 7.43 kB
✓ built in 215ms
[WebServer] (node:11609) Warning: The 'NO_COLOR' env is ignored due to the 'FORCE_COLOR' env being set.
[WebServer] (Use `node --trace-warnings ...` to show where the warning was created)

Running 2 tests using 2 workers

(node:11627) Warning: The 'NO_COLOR' env is ignored due to the 'FORCE_COLOR' env being set.
(Use `node --trace-warnings ...` to show where the warning was created)
(node:11628) Warning: The 'NO_COLOR' env is ignored due to the 'FORCE_COLOR' env being set.
(Use `node --trace-warnings ...` to show where the warning was created)
(node:11627) Warning: The 'NO_COLOR' env is ignored due to the 'FORCE_COLOR' env being set.
(Use `node --trace-warnings ...` to show where the warning was created)
(node:11628) Warning: The 'NO_COLOR' env is ignored due to the 'FORCE_COLOR' env being set.
(Use `node --trace-warnings ...` to show where the warning was created)
  ✓  1 [chromium] › e2e/site.spec.ts:324:1 › @claim:sociobot-merchant site identifies Sociobot as merchant of record (1.6s)
  ✓  2 [mobile] › e2e/site.spec.ts:324:1 › @claim:sociobot-merchant site identifies Sociobot as merchant of record (1.4s)

  2 passed (7.2s)
===== RESULT sociobot-merchant: PASS =====

===== CLAIM sociobot-refunds: npm test -- --grep @claim:sociobot-refunds =====

> selfhost-upgrade-rehearsal@0.1.2 test
> cargo test && npm run build:site && playwright test --grep @claim:sociobot-refunds

    Finished `test` profile [unoptimized + debuginfo] target(s) in 0.06s
     Running unittests src/lib.rs (target/debug/deps/rehearsal-da70bb3259a62e20)

running 1 test
test tests::schema_diff_never_includes_values ... ok

test result: ok. 1 passed; 0 failed; 0 ignored; 0 measured; 0 filtered out; finished in 0.00s

     Running unittests src/main.rs (target/debug/deps/rehearsal-1af613f98526467c)

running 0 tests

test result: ok. 0 passed; 0 failed; 0 ignored; 0 measured; 0 filtered out; finished in 0.00s

     Running tests/cli.rs (target/debug/deps/cli-27f196f1e3a208d8)

running 4 tests
test bad_declaration_explains_the_next_step ... ok
test demo_refuses_to_overwrite_a_nonempty_directory ... ok
test demo_writes_both_receipts ... ok
test receipt_redacts_declaration_notes_before_marking_it_customer_safe ... ok

test result: ok. 4 passed; 0 failed; 0 ignored; 0 measured; 0 filtered out; finished in 0.05s

   Doc-tests rehearsal

running 0 tests

test result: ok. 0 passed; 0 failed; 0 ignored; 0 measured; 0 filtered out; finished in 0.00s


> selfhost-upgrade-rehearsal@0.1.2 build:site
> npm run build:assets && vite build --config site/vite.config.ts && node scripts/build-site.mjs


> selfhost-upgrade-rehearsal@0.1.2 build:assets
> node scripts/build-images.mjs

vite v7.3.6 building client environment for production...
transforming...
✓ 4 modules transformed.
rendering chunks...
computing gzip size...
../dist/site/index.html                  1.78 kB │ gzip: 0.66 kB
../dist/site/assets/index-B9IVHe6m.css  13.07 kB │ gzip: 3.70 kB
../dist/site/assets/index-Ciep9Kdj.js   21.61 kB │ gzip: 7.43 kB
✓ built in 219ms
[WebServer] (node:11929) Warning: The 'NO_COLOR' env is ignored due to the 'FORCE_COLOR' env being set.
[WebServer] (Use `node --trace-warnings ...` to show where the warning was created)

Running 2 tests using 2 workers

(node:11949) Warning: The 'NO_COLOR' env is ignored due to the 'FORCE_COLOR' env being set.
(Use `node --trace-warnings ...` to show where the warning was created)
(node:11948) Warning: The 'NO_COLOR' env is ignored due to the 'FORCE_COLOR' env being set.
(Use `node --trace-warnings ...` to show where the warning was created)
(node:11948) Warning: The 'NO_COLOR' env is ignored due to the 'FORCE_COLOR' env being set.
(Use `node --trace-warnings ...` to show where the warning was created)
(node:11949) Warning: The 'NO_COLOR' env is ignored due to the 'FORCE_COLOR' env being set.
(Use `node --trace-warnings ...` to show where the warning was created)
  ✓  1 [mobile] › e2e/site.spec.ts:330:1 › @claim:sociobot-refunds site states that Sociobot handles refunds and revoked licenses (993ms)
  ✓  2 [chromium] › e2e/site.spec.ts:330:1 › @claim:sociobot-refunds site states that Sociobot handles refunds and revoked licenses (827ms)

  2 passed (7.0s)
===== RESULT sociobot-refunds: PASS =====

===== CLAIM sociobot-checkout: npm test -- --grep @claim:sociobot-checkout =====

> selfhost-upgrade-rehearsal@0.1.2 test
> cargo test && npm run build:site && playwright test --grep @claim:sociobot-checkout

    Finished `test` profile [unoptimized + debuginfo] target(s) in 0.06s
     Running unittests src/lib.rs (target/debug/deps/rehearsal-da70bb3259a62e20)

running 1 test
test tests::schema_diff_never_includes_values ... ok

test result: ok. 1 passed; 0 failed; 0 ignored; 0 measured; 0 filtered out; finished in 0.00s

     Running unittests src/main.rs (target/debug/deps/rehearsal-1af613f98526467c)

running 0 tests

test result: ok. 0 passed; 0 failed; 0 ignored; 0 measured; 0 filtered out; finished in 0.00s

     Running tests/cli.rs (target/debug/deps/cli-27f196f1e3a208d8)

running 4 tests
test bad_declaration_explains_the_next_step ... ok
test demo_refuses_to_overwrite_a_nonempty_directory ... ok
test demo_writes_both_receipts ... ok
test receipt_redacts_declaration_notes_before_marking_it_customer_safe ... ok

test result: ok. 4 passed; 0 failed; 0 ignored; 0 measured; 0 filtered out; finished in 0.05s

   Doc-tests rehearsal

running 0 tests

test result: ok. 0 passed; 0 failed; 0 ignored; 0 measured; 0 filtered out; finished in 0.00s


> selfhost-upgrade-rehearsal@0.1.2 build:site
> npm run build:assets && vite build --config site/vite.config.ts && node scripts/build-site.mjs


> selfhost-upgrade-rehearsal@0.1.2 build:assets
> node scripts/build-images.mjs

vite v7.3.6 building client environment for production...
transforming...
✓ 4 modules transformed.
rendering chunks...
computing gzip size...
../dist/site/index.html                  1.78 kB │ gzip: 0.66 kB
../dist/site/assets/index-B9IVHe6m.css  13.07 kB │ gzip: 3.70 kB
../dist/site/assets/index-Ciep9Kdj.js   21.61 kB │ gzip: 7.43 kB
✓ built in 239ms
[WebServer] (node:12271) Warning: The 'NO_COLOR' env is ignored due to the 'FORCE_COLOR' env being set.
[WebServer] (Use `node --trace-warnings ...` to show where the warning was created)

Running 2 tests using 2 workers

(node:12290) Warning: The 'NO_COLOR' env is ignored due to the 'FORCE_COLOR' env being set.
(Use `node --trace-warnings ...` to show where the warning was created)
(node:12289) Warning: The 'NO_COLOR' env is ignored due to the 'FORCE_COLOR' env being set.
(Use `node --trace-warnings ...` to show where the warning was created)
(node:12289) Warning: The 'NO_COLOR' env is ignored due to the 'FORCE_COLOR' env being set.
(Use `node --trace-warnings ...` to show where the warning was created)
(node:12290) Warning: The 'NO_COLOR' env is ignored due to the 'FORCE_COLOR' env being set.
(Use `node --trace-warnings ...` to show where the warning was created)
  ✓  1 [chromium] › e2e/site.spec.ts:335:1 › @claim:sociobot-checkout payment action uses the Sociobot checkout endpoint (1.3s)
  ✓  2 [mobile] › e2e/site.spec.ts:335:1 › @claim:sociobot-checkout payment action uses the Sociobot checkout endpoint (1.4s)

  2 passed (7.0s)
===== RESULT sociobot-checkout: PASS =====

===== CLAIM published-platform-download: npm test -- --grep @claim:published-platform-download =====

> selfhost-upgrade-rehearsal@0.1.2 test
> cargo test && npm run build:site && playwright test --grep @claim:published-platform-download

    Finished `test` profile [unoptimized + debuginfo] target(s) in 0.05s
     Running unittests src/lib.rs (target/debug/deps/rehearsal-da70bb3259a62e20)

running 1 test
test tests::schema_diff_never_includes_values ... ok

test result: ok. 1 passed; 0 failed; 0 ignored; 0 measured; 0 filtered out; finished in 0.00s

     Running unittests src/main.rs (target/debug/deps/rehearsal-1af613f98526467c)

running 0 tests

test result: ok. 0 passed; 0 failed; 0 ignored; 0 measured; 0 filtered out; finished in 0.00s

     Running tests/cli.rs (target/debug/deps/cli-27f196f1e3a208d8)

running 4 tests
test bad_declaration_explains_the_next_step ... ok
test demo_refuses_to_overwrite_a_nonempty_directory ... ok
test demo_writes_both_receipts ... ok
test receipt_redacts_declaration_notes_before_marking_it_customer_safe ... ok

test result: ok. 4 passed; 0 failed; 0 ignored; 0 measured; 0 filtered out; finished in 0.05s

   Doc-tests rehearsal

running 0 tests

test result: ok. 0 passed; 0 failed; 0 ignored; 0 measured; 0 filtered out; finished in 0.00s


> selfhost-upgrade-rehearsal@0.1.2 build:site
> npm run build:assets && vite build --config site/vite.config.ts && node scripts/build-site.mjs


> selfhost-upgrade-rehearsal@0.1.2 build:assets
> node scripts/build-images.mjs

vite v7.3.6 building client environment for production...
transforming...
✓ 4 modules transformed.
rendering chunks...
computing gzip size...
../dist/site/index.html                  1.78 kB │ gzip: 0.66 kB
../dist/site/assets/index-B9IVHe6m.css  13.07 kB │ gzip: 3.70 kB
../dist/site/assets/index-Ciep9Kdj.js   21.61 kB │ gzip: 7.43 kB
✓ built in 244ms
[WebServer] (node:12590) Warning: The 'NO_COLOR' env is ignored due to the 'FORCE_COLOR' env being set.
[WebServer] (Use `node --trace-warnings ...` to show where the warning was created)

Running 2 tests using 2 workers

(node:12609) Warning: The 'NO_COLOR' env is ignored due to the 'FORCE_COLOR' env being set.
(Use `node --trace-warnings ...` to show where the warning was created)
(node:12608) Warning: The 'NO_COLOR' env is ignored due to the 'FORCE_COLOR' env being set.
(Use `node --trace-warnings ...` to show where the warning was created)
(node:12609) Warning: The 'NO_COLOR' env is ignored due to the 'FORCE_COLOR' env being set.
(Use `node --trace-warnings ...` to show where the warning was created)
(node:12608) Warning: The 'NO_COLOR' env is ignored due to the 'FORCE_COLOR' env being set.
(Use `node --trace-warnings ...` to show where the warning was created)
  -  1 [mobile] › e2e/site.spec.ts:342:1 › @claim:published-platform-download release metadata selects a matching GitHub asset
  ✓  2 [chromium] › e2e/site.spec.ts:342:1 › @claim:published-platform-download release metadata selects a matching GitHub asset (1.1s)

  1 skipped
  1 passed (6.6s)
===== RESULT published-platform-download: PASS =====

===== CLAIM homebrew-tap: npm test -- --grep @claim:homebrew-tap =====

> selfhost-upgrade-rehearsal@0.1.2 test
> cargo test && npm run build:site && playwright test --grep @claim:homebrew-tap

    Finished `test` profile [unoptimized + debuginfo] target(s) in 0.06s
     Running unittests src/lib.rs (target/debug/deps/rehearsal-da70bb3259a62e20)

running 1 test
test tests::schema_diff_never_includes_values ... ok

test result: ok. 1 passed; 0 failed; 0 ignored; 0 measured; 0 filtered out; finished in 0.00s

     Running unittests src/main.rs (target/debug/deps/rehearsal-1af613f98526467c)

running 0 tests

test result: ok. 0 passed; 0 failed; 0 ignored; 0 measured; 0 filtered out; finished in 0.00s

     Running tests/cli.rs (target/debug/deps/cli-27f196f1e3a208d8)

running 4 tests
test bad_declaration_explains_the_next_step ... ok
test demo_refuses_to_overwrite_a_nonempty_directory ... ok
test demo_writes_both_receipts ... ok
test receipt_redacts_declaration_notes_before_marking_it_customer_safe ... ok

test result: ok. 4 passed; 0 failed; 0 ignored; 0 measured; 0 filtered out; finished in 0.05s

   Doc-tests rehearsal

running 0 tests

test result: ok. 0 passed; 0 failed; 0 ignored; 0 measured; 0 filtered out; finished in 0.00s


> selfhost-upgrade-rehearsal@0.1.2 build:site
> npm run build:assets && vite build --config site/vite.config.ts && node scripts/build-site.mjs


> selfhost-upgrade-rehearsal@0.1.2 build:assets
> node scripts/build-images.mjs

vite v7.3.6 building client environment for production...
transforming...
✓ 4 modules transformed.
rendering chunks...
computing gzip size...
../dist/site/index.html                  1.78 kB │ gzip: 0.66 kB
../dist/site/assets/index-B9IVHe6m.css  13.07 kB │ gzip: 3.70 kB
../dist/site/assets/index-Ciep9Kdj.js   21.61 kB │ gzip: 7.43 kB
✓ built in 235ms
[WebServer] (node:12908) Warning: The 'NO_COLOR' env is ignored due to the 'FORCE_COLOR' env being set.
[WebServer] (Use `node --trace-warnings ...` to show where the warning was created)

Running 2 tests using 2 workers

(node:12927) Warning: The 'NO_COLOR' env is ignored due to the 'FORCE_COLOR' env being set.
(Use `node --trace-warnings ...` to show where the warning was created)
(node:12926) Warning: The 'NO_COLOR' env is ignored due to the 'FORCE_COLOR' env being set.
(Use `node --trace-warnings ...` to show where the warning was created)
(node:12926) Warning: The 'NO_COLOR' env is ignored due to the 'FORCE_COLOR' env being set.
(Use `node --trace-warnings ...` to show where the warning was created)
(node:12927) Warning: The 'NO_COLOR' env is ignored due to the 'FORCE_COLOR' env being set.
(Use `node --trace-warnings ...` to show where the warning was created)
  ✓  1 [mobile] › e2e/site.spec.ts:361:1 › @claim:homebrew-tap documented Homebrew formula is published (81ms)
  ✓  2 [chromium] › e2e/site.spec.ts:361:1 › @claim:homebrew-tap documented Homebrew formula is published (20ms)

  2 passed (5.3s)
===== RESULT homebrew-tap: PASS =====

===== CLAIM scoop-manifest: npm test -- --grep @claim:scoop-manifest =====

> selfhost-upgrade-rehearsal@0.1.2 test
> cargo test && npm run build:site && playwright test --grep @claim:scoop-manifest

    Finished `test` profile [unoptimized + debuginfo] target(s) in 0.05s
     Running unittests src/lib.rs (target/debug/deps/rehearsal-da70bb3259a62e20)

running 1 test
test tests::schema_diff_never_includes_values ... ok

test result: ok. 1 passed; 0 failed; 0 ignored; 0 measured; 0 filtered out; finished in 0.00s

     Running unittests src/main.rs (target/debug/deps/rehearsal-1af613f98526467c)

running 0 tests

test result: ok. 0 passed; 0 failed; 0 ignored; 0 measured; 0 filtered out; finished in 0.00s

     Running tests/cli.rs (target/debug/deps/cli-27f196f1e3a208d8)

running 4 tests
test bad_declaration_explains_the_next_step ... ok
test demo_refuses_to_overwrite_a_nonempty_directory ... ok
test demo_writes_both_receipts ... ok
test receipt_redacts_declaration_notes_before_marking_it_customer_safe ... ok

test result: ok. 4 passed; 0 failed; 0 ignored; 0 measured; 0 filtered out; finished in 0.04s

   Doc-tests rehearsal

running 0 tests

test result: ok. 0 passed; 0 failed; 0 ignored; 0 measured; 0 filtered out; finished in 0.00s


> selfhost-upgrade-rehearsal@0.1.2 build:site
> npm run build:assets && vite build --config site/vite.config.ts && node scripts/build-site.mjs


> selfhost-upgrade-rehearsal@0.1.2 build:assets
> node scripts/build-images.mjs

vite v7.3.6 building client environment for production...
transforming...
✓ 4 modules transformed.
rendering chunks...
computing gzip size...
../dist/site/index.html                  1.78 kB │ gzip: 0.66 kB
../dist/site/assets/index-B9IVHe6m.css  13.07 kB │ gzip: 3.70 kB
../dist/site/assets/index-Ciep9Kdj.js   21.61 kB │ gzip: 7.43 kB
✓ built in 257ms
[WebServer] (node:13134) Warning: The 'NO_COLOR' env is ignored due to the 'FORCE_COLOR' env being set.
[WebServer] (Use `node --trace-warnings ...` to show where the warning was created)

Running 2 tests using 2 workers

(node:13153) Warning: The 'NO_COLOR' env is ignored due to the 'FORCE_COLOR' env being set.
(Use `node --trace-warnings ...` to show where the warning was created)
(node:13152) Warning: The 'NO_COLOR' env is ignored due to the 'FORCE_COLOR' env being set.
(Use `node --trace-warnings ...` to show where the warning was created)
(node:13153) Warning: The 'NO_COLOR' env is ignored due to the 'FORCE_COLOR' env being set.
(Use `node --trace-warnings ...` to show where the warning was created)
(node:13152) Warning: The 'NO_COLOR' env is ignored due to the 'FORCE_COLOR' env being set.
(Use `node --trace-warnings ...` to show where the warning was created)
  ✓  1 [chromium] › e2e/site.spec.ts:370:1 › @claim:scoop-manifest documented Scoop manifest is published and valid (11ms)
  ✓  2 [mobile] › e2e/site.spec.ts:370:1 › @claim:scoop-manifest documented Scoop manifest is published and valid (10ms)

  2 passed (5.3s)
===== RESULT scoop-manifest: PASS =====

===== CLAIM release-asset-set: npm test -- --grep @claim:release-asset-set =====

> selfhost-upgrade-rehearsal@0.1.2 test
> cargo test && npm run build:site && playwright test --grep @claim:release-asset-set

    Finished `test` profile [unoptimized + debuginfo] target(s) in 0.05s
     Running unittests src/lib.rs (target/debug/deps/rehearsal-da70bb3259a62e20)

running 1 test
test tests::schema_diff_never_includes_values ... ok

test result: ok. 1 passed; 0 failed; 0 ignored; 0 measured; 0 filtered out; finished in 0.00s

     Running unittests src/main.rs (target/debug/deps/rehearsal-1af613f98526467c)

running 0 tests

test result: ok. 0 passed; 0 failed; 0 ignored; 0 measured; 0 filtered out; finished in 0.00s

     Running tests/cli.rs (target/debug/deps/cli-27f196f1e3a208d8)

running 4 tests
test bad_declaration_explains_the_next_step ... ok
test demo_refuses_to_overwrite_a_nonempty_directory ... ok
test demo_writes_both_receipts ... ok
test receipt_redacts_declaration_notes_before_marking_it_customer_safe ... ok

test result: ok. 4 passed; 0 failed; 0 ignored; 0 measured; 0 filtered out; finished in 0.06s

   Doc-tests rehearsal

running 0 tests

test result: ok. 0 passed; 0 failed; 0 ignored; 0 measured; 0 filtered out; finished in 0.00s


> selfhost-upgrade-rehearsal@0.1.2 build:site
> npm run build:assets && vite build --config site/vite.config.ts && node scripts/build-site.mjs


> selfhost-upgrade-rehearsal@0.1.2 build:assets
> node scripts/build-images.mjs

vite v7.3.6 building client environment for production...
transforming...
✓ 4 modules transformed.
rendering chunks...
computing gzip size...
../dist/site/index.html                  1.78 kB │ gzip: 0.66 kB
../dist/site/assets/index-B9IVHe6m.css  13.07 kB │ gzip: 3.70 kB
../dist/site/assets/index-Ciep9Kdj.js   21.61 kB │ gzip: 7.43 kB
✓ built in 232ms
[WebServer] (node:13339) Warning: The 'NO_COLOR' env is ignored due to the 'FORCE_COLOR' env being set.
[WebServer] (Use `node --trace-warnings ...` to show where the warning was created)

Running 2 tests using 2 workers

(node:13357) Warning: The 'NO_COLOR' env is ignored due to the 'FORCE_COLOR' env being set.
(Use `node --trace-warnings ...` to show where the warning was created)
(node:13358) Warning: The 'NO_COLOR' env is ignored due to the 'FORCE_COLOR' env being set.
(Use `node --trace-warnings ...` to show where the warning was created)
(node:13357) Warning: The 'NO_COLOR' env is ignored due to the 'FORCE_COLOR' env being set.
(Use `node --trace-warnings ...` to show where the warning was created)
(node:13358) Warning: The 'NO_COLOR' env is ignored due to the 'FORCE_COLOR' env being set.
(Use `node --trace-warnings ...` to show where the warning was created)
  ✓  1 [chromium] › e2e/site.spec.ts:379:1 › @claim:release-asset-set published release carries every documented package (86ms)
  ✓  2 [mobile] › e2e/site.spec.ts:379:1 › @claim:release-asset-set published release carries every documented package (76ms)

  2 passed (5.6s)
===== RESULT release-asset-set: PASS =====

===== CLAIM receipt-contents: npm test -- --grep @claim:receipt-contents =====

> selfhost-upgrade-rehearsal@0.1.2 test
> cargo test && npm run build:site && playwright test --grep @claim:receipt-contents

    Finished `test` profile [unoptimized + debuginfo] target(s) in 0.05s
     Running unittests src/lib.rs (target/debug/deps/rehearsal-da70bb3259a62e20)

running 1 test
test tests::schema_diff_never_includes_values ... ok

test result: ok. 1 passed; 0 failed; 0 ignored; 0 measured; 0 filtered out; finished in 0.00s

     Running unittests src/main.rs (target/debug/deps/rehearsal-1af613f98526467c)

running 0 tests

test result: ok. 0 passed; 0 failed; 0 ignored; 0 measured; 0 filtered out; finished in 0.00s

     Running tests/cli.rs (target/debug/deps/cli-27f196f1e3a208d8)

running 4 tests
test bad_declaration_explains_the_next_step ... ok
test demo_refuses_to_overwrite_a_nonempty_directory ... ok
test demo_writes_both_receipts ... ok
test receipt_redacts_declaration_notes_before_marking_it_customer_safe ... ok

test result: ok. 4 passed; 0 failed; 0 ignored; 0 measured; 0 filtered out; finished in 0.05s

   Doc-tests rehearsal

running 0 tests

test result: ok. 0 passed; 0 failed; 0 ignored; 0 measured; 0 filtered out; finished in 0.00s


> selfhost-upgrade-rehearsal@0.1.2 build:site
> npm run build:assets && vite build --config site/vite.config.ts && node scripts/build-site.mjs


> selfhost-upgrade-rehearsal@0.1.2 build:assets
> node scripts/build-images.mjs

vite v7.3.6 building client environment for production...
transforming...
✓ 4 modules transformed.
rendering chunks...
computing gzip size...
../dist/site/index.html                  1.78 kB │ gzip: 0.66 kB
../dist/site/assets/index-B9IVHe6m.css  13.07 kB │ gzip: 3.70 kB
../dist/site/assets/index-Ciep9Kdj.js   21.61 kB │ gzip: 7.43 kB
✓ built in 213ms
[WebServer] (node:13544) Warning: The 'NO_COLOR' env is ignored due to the 'FORCE_COLOR' env being set.
[WebServer] (Use `node --trace-warnings ...` to show where the warning was created)

Running 2 tests using 2 workers

(node:13563) Warning: The 'NO_COLOR' env is ignored due to the 'FORCE_COLOR' env being set.
(Use `node --trace-warnings ...` to show where the warning was created)
(node:13562) Warning: The 'NO_COLOR' env is ignored due to the 'FORCE_COLOR' env being set.
(Use `node --trace-warnings ...` to show where the warning was created)
(node:13563) Warning: The 'NO_COLOR' env is ignored due to the 'FORCE_COLOR' env being set.
(Use `node --trace-warnings ...` to show where the warning was created)
(node:13562) Warning: The 'NO_COLOR' env is ignored due to the 'FORCE_COLOR' env being set.
(Use `node --trace-warnings ...` to show where the warning was created)
  ✓  1 [chromium] › e2e/site.spec.ts:388:1 › @claim:receipt-contents receipt contains every documented readiness field (182ms)
  ✓  2 [mobile] › e2e/site.spec.ts:388:1 › @claim:receipt-contents receipt contains every documented readiness field (169ms)

  2 passed (5.3s)
===== RESULT receipt-contents: PASS =====

===== CLAIM release-workflow: npm test -- --grep @claim:release-workflow =====

> selfhost-upgrade-rehearsal@0.1.2 test
> cargo test && npm run build:site && playwright test --grep @claim:release-workflow

    Finished `test` profile [unoptimized + debuginfo] target(s) in 0.05s
     Running unittests src/lib.rs (target/debug/deps/rehearsal-da70bb3259a62e20)

running 1 test
test tests::schema_diff_never_includes_values ... ok

test result: ok. 1 passed; 0 failed; 0 ignored; 0 measured; 0 filtered out; finished in 0.00s

     Running unittests src/main.rs (target/debug/deps/rehearsal-1af613f98526467c)

running 0 tests

test result: ok. 0 passed; 0 failed; 0 ignored; 0 measured; 0 filtered out; finished in 0.00s

     Running tests/cli.rs (target/debug/deps/cli-27f196f1e3a208d8)

running 4 tests
test bad_declaration_explains_the_next_step ... ok
test demo_refuses_to_overwrite_a_nonempty_directory ... ok
test demo_writes_both_receipts ... ok
test receipt_redacts_declaration_notes_before_marking_it_customer_safe ... ok

test result: ok. 4 passed; 0 failed; 0 ignored; 0 measured; 0 filtered out; finished in 0.05s

   Doc-tests rehearsal

running 0 tests

test result: ok. 0 passed; 0 failed; 0 ignored; 0 measured; 0 filtered out; finished in 0.00s


> selfhost-upgrade-rehearsal@0.1.2 build:site
> npm run build:assets && vite build --config site/vite.config.ts && node scripts/build-site.mjs


> selfhost-upgrade-rehearsal@0.1.2 build:assets
> node scripts/build-images.mjs

vite v7.3.6 building client environment for production...
transforming...
✓ 4 modules transformed.
rendering chunks...
computing gzip size...
../dist/site/index.html                  1.78 kB │ gzip: 0.66 kB
../dist/site/assets/index-B9IVHe6m.css  13.07 kB │ gzip: 3.70 kB
../dist/site/assets/index-Ciep9Kdj.js   21.61 kB │ gzip: 7.43 kB
✓ built in 239ms
[WebServer] (node:13769) Warning: The 'NO_COLOR' env is ignored due to the 'FORCE_COLOR' env being set.
[WebServer] (Use `node --trace-warnings ...` to show where the warning was created)

Running 2 tests using 2 workers

(node:13787) Warning: The 'NO_COLOR' env is ignored due to the 'FORCE_COLOR' env being set.
(Use `node --trace-warnings ...` to show where the warning was created)
(node:13793) Warning: The 'NO_COLOR' env is ignored due to the 'FORCE_COLOR' env being set.
(Use `node --trace-warnings ...` to show where the warning was created)
(node:13787) Warning: The 'NO_COLOR' env is ignored due to the 'FORCE_COLOR' env being set.
(Use `node --trace-warnings ...` to show where the warning was created)
(node:13793) Warning: The 'NO_COLOR' env is ignored due to the 'FORCE_COLOR' env being set.
(Use `node --trace-warnings ...` to show where the warning was created)
  ✓  1 [chromium] › e2e/site.spec.ts:402:1 › @claim:release-workflow version tags run the cross-platform release workflow (94ms)
  ✓  2 [mobile] › e2e/site.spec.ts:402:1 › @claim:release-workflow version tags run the cross-platform release workflow (88ms)

  2 passed (5.4s)
===== RESULT release-workflow: PASS =====

===== CLAIM sample-demo-parity: npm test -- --grep @claim:sample-demo-parity =====

> selfhost-upgrade-rehearsal@0.1.2 test
> cargo test && npm run build:site && playwright test --grep @claim:sample-demo-parity

    Finished `test` profile [unoptimized + debuginfo] target(s) in 0.05s
     Running unittests src/lib.rs (target/debug/deps/rehearsal-da70bb3259a62e20)

running 1 test
test tests::schema_diff_never_includes_values ... ok

test result: ok. 1 passed; 0 failed; 0 ignored; 0 measured; 0 filtered out; finished in 0.00s

     Running unittests src/main.rs (target/debug/deps/rehearsal-1af613f98526467c)

running 0 tests

test result: ok. 0 passed; 0 failed; 0 ignored; 0 measured; 0 filtered out; finished in 0.00s

     Running tests/cli.rs (target/debug/deps/cli-27f196f1e3a208d8)

running 4 tests
test bad_declaration_explains_the_next_step ... ok
test demo_refuses_to_overwrite_a_nonempty_directory ... ok
test demo_writes_both_receipts ... ok
test receipt_redacts_declaration_notes_before_marking_it_customer_safe ... ok

test result: ok. 4 passed; 0 failed; 0 ignored; 0 measured; 0 filtered out; finished in 0.06s

   Doc-tests rehearsal

running 0 tests

test result: ok. 0 passed; 0 failed; 0 ignored; 0 measured; 0 filtered out; finished in 0.00s


> selfhost-upgrade-rehearsal@0.1.2 build:site
> npm run build:assets && vite build --config site/vite.config.ts && node scripts/build-site.mjs


> selfhost-upgrade-rehearsal@0.1.2 build:assets
> node scripts/build-images.mjs

vite v7.3.6 building client environment for production...
transforming...
✓ 4 modules transformed.
rendering chunks...
computing gzip size...
../dist/site/index.html                  1.78 kB │ gzip: 0.66 kB
../dist/site/assets/index-B9IVHe6m.css  13.07 kB │ gzip: 3.70 kB
../dist/site/assets/index-Ciep9Kdj.js   21.61 kB │ gzip: 7.43 kB
✓ built in 205ms
[WebServer] (node:13996) Warning: The 'NO_COLOR' env is ignored due to the 'FORCE_COLOR' env being set.
[WebServer] (Use `node --trace-warnings ...` to show where the warning was created)

Running 2 tests using 2 workers

(node:14014) Warning: The 'NO_COLOR' env is ignored due to the 'FORCE_COLOR' env being set.
(Use `node --trace-warnings ...` to show where the warning was created)
(node:14020) Warning: The 'NO_COLOR' env is ignored due to the 'FORCE_COLOR' env being set.
(Use `node --trace-warnings ...` to show where the warning was created)
(node:14014) Warning: The 'NO_COLOR' env is ignored due to the 'FORCE_COLOR' env being set.
(Use `node --trace-warnings ...` to show where the warning was created)
(node:14020) Warning: The 'NO_COLOR' env is ignored due to the 'FORCE_COLOR' env being set.
(Use `node --trace-warnings ...` to show where the warning was created)
  ✓  1 [mobile] › e2e/site.spec.ts:411:1 › @claim:sample-demo-parity browser and CLI use the Arbor Desk sample demo (1.2s)
  ✓  2 [chromium] › e2e/site.spec.ts:411:1 › @claim:sample-demo-parity browser and CLI use the Arbor Desk sample demo (1.4s)

  2 passed (6.8s)
===== RESULT sample-demo-parity: PASS =====

===== CLAIM sociobot-license-api: npm test -- --grep @claim:sociobot-license-api =====

> selfhost-upgrade-rehearsal@0.1.2 test
> cargo test && npm run build:site && playwright test --grep @claim:sociobot-license-api

    Finished `test` profile [unoptimized + debuginfo] target(s) in 0.05s
     Running unittests src/lib.rs (target/debug/deps/rehearsal-da70bb3259a62e20)

running 1 test
test tests::schema_diff_never_includes_values ... ok

test result: ok. 1 passed; 0 failed; 0 ignored; 0 measured; 0 filtered out; finished in 0.00s

     Running unittests src/main.rs (target/debug/deps/rehearsal-1af613f98526467c)

running 0 tests

test result: ok. 0 passed; 0 failed; 0 ignored; 0 measured; 0 filtered out; finished in 0.00s

     Running tests/cli.rs (target/debug/deps/cli-27f196f1e3a208d8)

running 4 tests
test bad_declaration_explains_the_next_step ... ok
test demo_refuses_to_overwrite_a_nonempty_directory ... ok
test demo_writes_both_receipts ... ok
test receipt_redacts_declaration_notes_before_marking_it_customer_safe ... ok

test result: ok. 4 passed; 0 failed; 0 ignored; 0 measured; 0 filtered out; finished in 0.05s

   Doc-tests rehearsal

running 0 tests

test result: ok. 0 passed; 0 failed; 0 ignored; 0 measured; 0 filtered out; finished in 0.00s


> selfhost-upgrade-rehearsal@0.1.2 build:site
> npm run build:assets && vite build --config site/vite.config.ts && node scripts/build-site.mjs


> selfhost-upgrade-rehearsal@0.1.2 build:assets
> node scripts/build-images.mjs

vite v7.3.6 building client environment for production...
transforming...
✓ 4 modules transformed.
rendering chunks...
computing gzip size...
../dist/site/index.html                  1.78 kB │ gzip: 0.66 kB
../dist/site/assets/index-B9IVHe6m.css  13.07 kB │ gzip: 3.70 kB
../dist/site/assets/index-Ciep9Kdj.js   21.61 kB │ gzip: 7.43 kB
✓ built in 205ms
[WebServer] (node:14345) Warning: The 'NO_COLOR' env is ignored due to the 'FORCE_COLOR' env being set.
[WebServer] (Use `node --trace-warnings ...` to show where the warning was created)

Running 2 tests using 2 workers

(node:14363) Warning: The 'NO_COLOR' env is ignored due to the 'FORCE_COLOR' env being set.
(Use `node --trace-warnings ...` to show where the warning was created)
(node:14364) Warning: The 'NO_COLOR' env is ignored due to the 'FORCE_COLOR' env being set.
(Use `node --trace-warnings ...` to show where the warning was created)
(node:14364) Warning: The 'NO_COLOR' env is ignored due to the 'FORCE_COLOR' env being set.
(Use `node --trace-warnings ...` to show where the warning was created)
(node:14363) Warning: The 'NO_COLOR' env is ignored due to the 'FORCE_COLOR' env being set.
(Use `node --trace-warnings ...` to show where the warning was created)
  ✓  2 [chromium] › e2e/site.spec.ts:419:1 › @claim:sociobot-license-api license verification uses only the Sociobot product endpoint (1.5s)
  ✓  1 [mobile] › e2e/site.spec.ts:419:1 › @claim:sociobot-license-api license verification uses only the Sociobot product endpoint (1.5s)

  2 passed (7.0s)
===== RESULT sociobot-license-api: PASS =====

===== CLAIM no-embedded-payment-provider: npm test -- --grep @claim:no-embedded-payment-provider =====

> selfhost-upgrade-rehearsal@0.1.2 test
> cargo test && npm run build:site && playwright test --grep @claim:no-embedded-payment-provider

    Finished `test` profile [unoptimized + debuginfo] target(s) in 0.05s
     Running unittests src/lib.rs (target/debug/deps/rehearsal-da70bb3259a62e20)

running 1 test
test tests::schema_diff_never_includes_values ... ok

test result: ok. 1 passed; 0 failed; 0 ignored; 0 measured; 0 filtered out; finished in 0.01s

     Running unittests src/main.rs (target/debug/deps/rehearsal-1af613f98526467c)

running 0 tests

test result: ok. 0 passed; 0 failed; 0 ignored; 0 measured; 0 filtered out; finished in 0.00s

     Running tests/cli.rs (target/debug/deps/cli-27f196f1e3a208d8)

running 4 tests
test bad_declaration_explains_the_next_step ... ok
test demo_refuses_to_overwrite_a_nonempty_directory ... ok
test demo_writes_both_receipts ... ok
test receipt_redacts_declaration_notes_before_marking_it_customer_safe ... ok

test result: ok. 4 passed; 0 failed; 0 ignored; 0 measured; 0 filtered out; finished in 0.05s

   Doc-tests rehearsal

running 0 tests

test result: ok. 0 passed; 0 failed; 0 ignored; 0 measured; 0 filtered out; finished in 0.00s


> selfhost-upgrade-rehearsal@0.1.2 build:site
> npm run build:assets && vite build --config site/vite.config.ts && node scripts/build-site.mjs


> selfhost-upgrade-rehearsal@0.1.2 build:assets
> node scripts/build-images.mjs

vite v7.3.6 building client environment for production...
transforming...
✓ 4 modules transformed.
rendering chunks...
computing gzip size...
../dist/site/index.html                  1.78 kB │ gzip: 0.66 kB
../dist/site/assets/index-B9IVHe6m.css  13.07 kB │ gzip: 3.70 kB
../dist/site/assets/index-Ciep9Kdj.js   21.61 kB │ gzip: 7.43 kB
✓ built in 219ms
[WebServer] (node:14668) Warning: The 'NO_COLOR' env is ignored due to the 'FORCE_COLOR' env being set.
[WebServer] (Use `node --trace-warnings ...` to show where the warning was created)

Running 2 tests using 2 workers

(node:14686) Warning: The 'NO_COLOR' env is ignored due to the 'FORCE_COLOR' env being set.
(Use `node --trace-warnings ...` to show where the warning was created)
(node:14687) Warning: The 'NO_COLOR' env is ignored due to the 'FORCE_COLOR' env being set.
(Use `node --trace-warnings ...` to show where the warning was created)
(node:14686) Warning: The 'NO_COLOR' env is ignored due to the 'FORCE_COLOR' env being set.
(Use `node --trace-warnings ...` to show where the warning was created)
(node:14687) Warning: The 'NO_COLOR' env is ignored due to the 'FORCE_COLOR' env being set.
(Use `node --trace-warnings ...` to show where the warning was created)
  ✓  1 [chromium] › e2e/site.spec.ts:430:1 › @claim:no-embedded-payment-provider repository embeds no payment-provider client (76ms)
  ✓  2 [mobile] › e2e/site.spec.ts:430:1 › @claim:no-embedded-payment-provider repository embeds no payment-provider client (9ms)

  2 passed (5.7s)
===== RESULT no-embedded-payment-provider: PASS =====

===== CLAIM demo-storage-isolation: npm test -- --grep @claim:demo-storage-isolation =====

> selfhost-upgrade-rehearsal@0.1.2 test
> cargo test && npm run build:site && playwright test --grep @claim:demo-storage-isolation

    Finished `test` profile [unoptimized + debuginfo] target(s) in 0.05s
     Running unittests src/lib.rs (target/debug/deps/rehearsal-da70bb3259a62e20)

running 1 test
test tests::schema_diff_never_includes_values ... ok

test result: ok. 1 passed; 0 failed; 0 ignored; 0 measured; 0 filtered out; finished in 0.00s

     Running unittests src/main.rs (target/debug/deps/rehearsal-1af613f98526467c)

running 0 tests

test result: ok. 0 passed; 0 failed; 0 ignored; 0 measured; 0 filtered out; finished in 0.00s

     Running tests/cli.rs (target/debug/deps/cli-27f196f1e3a208d8)

running 4 tests
test bad_declaration_explains_the_next_step ... ok
test demo_refuses_to_overwrite_a_nonempty_directory ... ok
test demo_writes_both_receipts ... ok
test receipt_redacts_declaration_notes_before_marking_it_customer_safe ... ok

test result: ok. 4 passed; 0 failed; 0 ignored; 0 measured; 0 filtered out; finished in 0.07s

   Doc-tests rehearsal

running 0 tests

test result: ok. 0 passed; 0 failed; 0 ignored; 0 measured; 0 filtered out; finished in 0.00s


> selfhost-upgrade-rehearsal@0.1.2 build:site
> npm run build:assets && vite build --config site/vite.config.ts && node scripts/build-site.mjs


> selfhost-upgrade-rehearsal@0.1.2 build:assets
> node scripts/build-images.mjs

vite v7.3.6 building client environment for production...
transforming...
✓ 4 modules transformed.
rendering chunks...
computing gzip size...
../dist/site/index.html                  1.78 kB │ gzip: 0.66 kB
../dist/site/assets/index-B9IVHe6m.css  13.07 kB │ gzip: 3.70 kB
../dist/site/assets/index-Ciep9Kdj.js   21.61 kB │ gzip: 7.43 kB
✓ built in 229ms
[WebServer] (node:14892) Warning: The 'NO_COLOR' env is ignored due to the 'FORCE_COLOR' env being set.
[WebServer] (Use `node --trace-warnings ...` to show where the warning was created)

Running 2 tests using 2 workers

(node:14910) Warning: The 'NO_COLOR' env is ignored due to the 'FORCE_COLOR' env being set.
(Use `node --trace-warnings ...` to show where the warning was created)
(node:14911) Warning: The 'NO_COLOR' env is ignored due to the 'FORCE_COLOR' env being set.
(Use `node --trace-warnings ...` to show where the warning was created)
(node:14910) Warning: The 'NO_COLOR' env is ignored due to the 'FORCE_COLOR' env being set.
(Use `node --trace-warnings ...` to show where the warning was created)
(node:14911) Warning: The 'NO_COLOR' env is ignored due to the 'FORCE_COLOR' env being set.
(Use `node --trace-warnings ...` to show where the warning was created)
  ✓  1 [mobile] › e2e/site.spec.ts:438:1 › @claim:demo-storage-isolation sample demo uses only demo session storage and clears it on exit (2.6s)
  ✓  2 [chromium] › e2e/site.spec.ts:438:1 › @claim:demo-storage-isolation sample demo uses only demo session storage and clears it on exit (2.6s)

  2 passed (8.5s)
===== RESULT demo-storage-isolation: PASS =====

===== CLAIM starter-templates: npm test -- --grep @claim:starter-templates =====

> selfhost-upgrade-rehearsal@0.1.2 test
> cargo test && npm run build:site && playwright test --grep @claim:starter-templates

    Finished `test` profile [unoptimized + debuginfo] target(s) in 0.05s
     Running unittests src/lib.rs (target/debug/deps/rehearsal-da70bb3259a62e20)

running 1 test
test tests::schema_diff_never_includes_values ... ok

test result: ok. 1 passed; 0 failed; 0 ignored; 0 measured; 0 filtered out; finished in 0.00s

     Running unittests src/main.rs (target/debug/deps/rehearsal-1af613f98526467c)

running 0 tests

test result: ok. 0 passed; 0 failed; 0 ignored; 0 measured; 0 filtered out; finished in 0.00s

     Running tests/cli.rs (target/debug/deps/cli-27f196f1e3a208d8)

running 4 tests
test bad_declaration_explains_the_next_step ... ok
test demo_refuses_to_overwrite_a_nonempty_directory ... ok
test demo_writes_both_receipts ... ok
test receipt_redacts_declaration_notes_before_marking_it_customer_safe ... ok

test result: ok. 4 passed; 0 failed; 0 ignored; 0 measured; 0 filtered out; finished in 0.05s

   Doc-tests rehearsal

running 0 tests

test result: ok. 0 passed; 0 failed; 0 ignored; 0 measured; 0 filtered out; finished in 0.00s


> selfhost-upgrade-rehearsal@0.1.2 build:site
> npm run build:assets && vite build --config site/vite.config.ts && node scripts/build-site.mjs


> selfhost-upgrade-rehearsal@0.1.2 build:assets
> node scripts/build-images.mjs

vite v7.3.6 building client environment for production...
transforming...
✓ 4 modules transformed.
rendering chunks...
computing gzip size...
../dist/site/index.html                  1.78 kB │ gzip: 0.66 kB
../dist/site/assets/index-B9IVHe6m.css  13.07 kB │ gzip: 3.70 kB
../dist/site/assets/index-Ciep9Kdj.js   21.61 kB │ gzip: 7.43 kB
✓ built in 220ms
[WebServer] (node:15215) Warning: The 'NO_COLOR' env is ignored due to the 'FORCE_COLOR' env being set.
[WebServer] (Use `node --trace-warnings ...` to show where the warning was created)

Running 2 tests using 2 workers

(node:15233) Warning: The 'NO_COLOR' env is ignored due to the 'FORCE_COLOR' env being set.
(Use `node --trace-warnings ...` to show where the warning was created)
(node:15234) Warning: The 'NO_COLOR' env is ignored due to the 'FORCE_COLOR' env being set.
(Use `node --trace-warnings ...` to show where the warning was created)
(node:15233) Warning: The 'NO_COLOR' env is ignored due to the 'FORCE_COLOR' env being set.
(Use `node --trace-warnings ...` to show where the warning was created)
(node:15234) Warning: The 'NO_COLOR' env is ignored due to the 'FORCE_COLOR' env being set.
(Use `node --trace-warnings ...` to show where the warning was created)
  ✓  1 [chromium] › e2e/site.spec.ts:456:1 › @claim:starter-templates init writes Compose and Kubernetes declaration templates (106ms)
  ✓  2 [mobile] › e2e/site.spec.ts:456:1 › @claim:starter-templates init writes Compose and Kubernetes declaration templates (109ms)

  2 passed (5.4s)
===== RESULT starter-templates: PASS =====

===== CLAIM json-output: npm test -- --grep @claim:json-output =====

> selfhost-upgrade-rehearsal@0.1.2 test
> cargo test && npm run build:site && playwright test --grep @claim:json-output

    Finished `test` profile [unoptimized + debuginfo] target(s) in 0.06s
     Running unittests src/lib.rs (target/debug/deps/rehearsal-da70bb3259a62e20)

running 1 test
test tests::schema_diff_never_includes_values ... ok

test result: ok. 1 passed; 0 failed; 0 ignored; 0 measured; 0 filtered out; finished in 0.00s

     Running unittests src/main.rs (target/debug/deps/rehearsal-1af613f98526467c)

running 0 tests

test result: ok. 0 passed; 0 failed; 0 ignored; 0 measured; 0 filtered out; finished in 0.00s

     Running tests/cli.rs (target/debug/deps/cli-27f196f1e3a208d8)

running 4 tests
test bad_declaration_explains_the_next_step ... ok
test demo_refuses_to_overwrite_a_nonempty_directory ... ok
test demo_writes_both_receipts ... ok
test receipt_redacts_declaration_notes_before_marking_it_customer_safe ... ok

test result: ok. 4 passed; 0 failed; 0 ignored; 0 measured; 0 filtered out; finished in 0.05s

   Doc-tests rehearsal

running 0 tests

test result: ok. 0 passed; 0 failed; 0 ignored; 0 measured; 0 filtered out; finished in 0.00s


> selfhost-upgrade-rehearsal@0.1.2 build:site
> npm run build:assets && vite build --config site/vite.config.ts && node scripts/build-site.mjs


> selfhost-upgrade-rehearsal@0.1.2 build:assets
> node scripts/build-images.mjs

vite v7.3.6 building client environment for production...
transforming...
✓ 4 modules transformed.
rendering chunks...
computing gzip size...
../dist/site/index.html                  1.78 kB │ gzip: 0.66 kB
../dist/site/assets/index-B9IVHe6m.css  13.07 kB │ gzip: 3.70 kB
../dist/site/assets/index-Ciep9Kdj.js   21.61 kB │ gzip: 7.43 kB
✓ built in 237ms
[WebServer] (node:15424) Warning: The 'NO_COLOR' env is ignored due to the 'FORCE_COLOR' env being set.
[WebServer] (Use `node --trace-warnings ...` to show where the warning was created)

Running 2 tests using 2 workers

(node:15442) Warning: The 'NO_COLOR' env is ignored due to the 'FORCE_COLOR' env being set.
(Use `node --trace-warnings ...` to show where the warning was created)
(node:15443) Warning: The 'NO_COLOR' env is ignored due to the 'FORCE_COLOR' env being set.
(Use `node --trace-warnings ...` to show where the warning was created)
(node:15442) Warning: The 'NO_COLOR' env is ignored due to the 'FORCE_COLOR' env being set.
(Use `node --trace-warnings ...` to show where the warning was created)
(node:15443) Warning: The 'NO_COLOR' env is ignored due to the 'FORCE_COLOR' env being set.
(Use `node --trace-warnings ...` to show where the warning was created)
  ✓  1 [chromium] › e2e/site.spec.ts:471:1 › @claim:json-output check, run, and demo return machine-readable JSON (199ms)
  ✓  2 [mobile] › e2e/site.spec.ts:471:1 › @claim:json-output check, run, and demo return machine-readable JSON (130ms)

  2 passed (5.5s)
===== RESULT json-output: PASS =====

===== CLAIM release-manifest: npm test -- --grep @claim:release-manifest =====

> selfhost-upgrade-rehearsal@0.1.2 test
> cargo test && npm run build:site && playwright test --grep @claim:release-manifest

    Finished `test` profile [unoptimized + debuginfo] target(s) in 0.06s
     Running unittests src/lib.rs (target/debug/deps/rehearsal-da70bb3259a62e20)

running 1 test
test tests::schema_diff_never_includes_values ... ok

test result: ok. 1 passed; 0 failed; 0 ignored; 0 measured; 0 filtered out; finished in 0.00s

     Running unittests src/main.rs (target/debug/deps/rehearsal-1af613f98526467c)

running 0 tests

test result: ok. 0 passed; 0 failed; 0 ignored; 0 measured; 0 filtered out; finished in 0.00s

     Running tests/cli.rs (target/debug/deps/cli-27f196f1e3a208d8)

running 4 tests
test bad_declaration_explains_the_next_step ... ok
test demo_refuses_to_overwrite_a_nonempty_directory ... ok
test demo_writes_both_receipts ... ok
test receipt_redacts_declaration_notes_before_marking_it_customer_safe ... ok

test result: ok. 4 passed; 0 failed; 0 ignored; 0 measured; 0 filtered out; finished in 0.05s

   Doc-tests rehearsal

running 0 tests

test result: ok. 0 passed; 0 failed; 0 ignored; 0 measured; 0 filtered out; finished in 0.00s


> selfhost-upgrade-rehearsal@0.1.2 build:site
> npm run build:assets && vite build --config site/vite.config.ts && node scripts/build-site.mjs


> selfhost-upgrade-rehearsal@0.1.2 build:assets
> node scripts/build-images.mjs

vite v7.3.6 building client environment for production...
transforming...
✓ 4 modules transformed.
rendering chunks...
computing gzip size...
../dist/site/index.html                  1.78 kB │ gzip: 0.66 kB
../dist/site/assets/index-B9IVHe6m.css  13.07 kB │ gzip: 3.70 kB
../dist/site/assets/index-Ciep9Kdj.js   21.61 kB │ gzip: 7.43 kB
✓ built in 241ms
[WebServer] (node:15693) Warning: The 'NO_COLOR' env is ignored due to the 'FORCE_COLOR' env being set.
[WebServer] (Use `node --trace-warnings ...` to show where the warning was created)

Running 2 tests using 2 workers

(node:15711) Warning: The 'NO_COLOR' env is ignored due to the 'FORCE_COLOR' env being set.
(Use `node --trace-warnings ...` to show where the warning was created)
(node:15712) Warning: The 'NO_COLOR' env is ignored due to the 'FORCE_COLOR' env being set.
(Use `node --trace-warnings ...` to show where the warning was created)
(node:15711) Warning: The 'NO_COLOR' env is ignored due to the 'FORCE_COLOR' env being set.
(Use `node --trace-warnings ...` to show where the warning was created)
(node:15712) Warning: The 'NO_COLOR' env is ignored due to the 'FORCE_COLOR' env being set.
(Use `node --trace-warnings ...` to show where the warning was created)
  ✓  1 [mobile] › e2e/site.spec.ts:485:1 › @claim:release-manifest website reads its local release manifest for GitHub downloads (1.5s)
  ✓  2 [chromium] › e2e/site.spec.ts:485:1 › @claim:release-manifest website reads its local release manifest for GitHub downloads (1.3s)

  2 passed (7.3s)
===== RESULT release-manifest: PASS =====

===== CLAIM license-browser-storage: npm test -- --grep @claim:license-browser-storage =====

> selfhost-upgrade-rehearsal@0.1.2 test
> cargo test && npm run build:site && playwright test --grep @claim:license-browser-storage

    Finished `test` profile [unoptimized + debuginfo] target(s) in 0.06s
     Running unittests src/lib.rs (target/debug/deps/rehearsal-da70bb3259a62e20)

running 1 test
test tests::schema_diff_never_includes_values ... ok

test result: ok. 1 passed; 0 failed; 0 ignored; 0 measured; 0 filtered out; finished in 0.00s

     Running unittests src/main.rs (target/debug/deps/rehearsal-1af613f98526467c)

running 0 tests

test result: ok. 0 passed; 0 failed; 0 ignored; 0 measured; 0 filtered out; finished in 0.00s

     Running tests/cli.rs (target/debug/deps/cli-27f196f1e3a208d8)

running 4 tests
test bad_declaration_explains_the_next_step ... ok
test demo_refuses_to_overwrite_a_nonempty_directory ... ok
test demo_writes_both_receipts ... ok
test receipt_redacts_declaration_notes_before_marking_it_customer_safe ... ok

test result: ok. 4 passed; 0 failed; 0 ignored; 0 measured; 0 filtered out; finished in 0.05s

   Doc-tests rehearsal

running 0 tests

test result: ok. 0 passed; 0 failed; 0 ignored; 0 measured; 0 filtered out; finished in 0.00s


> selfhost-upgrade-rehearsal@0.1.2 build:site
> npm run build:assets && vite build --config site/vite.config.ts && node scripts/build-site.mjs


> selfhost-upgrade-rehearsal@0.1.2 build:assets
> node scripts/build-images.mjs

vite v7.3.6 building client environment for production...
transforming...
✓ 4 modules transformed.
rendering chunks...
computing gzip size...
../dist/site/index.html                  1.78 kB │ gzip: 0.66 kB
../dist/site/assets/index-B9IVHe6m.css  13.07 kB │ gzip: 3.70 kB
../dist/site/assets/index-Ciep9Kdj.js   21.61 kB │ gzip: 7.43 kB
✓ built in 208ms
[WebServer] (node:16013) Warning: The 'NO_COLOR' env is ignored due to the 'FORCE_COLOR' env being set.
[WebServer] (Use `node --trace-warnings ...` to show where the warning was created)

Running 2 tests using 2 workers

(node:16031) Warning: The 'NO_COLOR' env is ignored due to the 'FORCE_COLOR' env being set.
(Use `node --trace-warnings ...` to show where the warning was created)
(node:16032) Warning: The 'NO_COLOR' env is ignored due to the 'FORCE_COLOR' env being set.
(Use `node --trace-warnings ...` to show where the warning was created)
(node:16031) Warning: The 'NO_COLOR' env is ignored due to the 'FORCE_COLOR' env being set.
(Use `node --trace-warnings ...` to show where the warning was created)
(node:16032) Warning: The 'NO_COLOR' env is ignored due to the 'FORCE_COLOR' env being set.
(Use `node --trace-warnings ...` to show where the warning was created)
  ✓  1 [mobile] › e2e/site.spec.ts:496:1 › @claim:license-browser-storage license token and daily verdict stay in namespaced browser storage (1.5s)
  ✓  2 [chromium] › e2e/site.spec.ts:496:1 › @claim:license-browser-storage license token and daily verdict stay in namespaced browser storage (1.5s)

  2 passed (7.1s)
===== RESULT license-browser-storage: PASS =====

===== CLAIM no-card-collection: npm test -- --grep @claim:no-card-collection =====

> selfhost-upgrade-rehearsal@0.1.2 test
> cargo test && npm run build:site && playwright test --grep @claim:no-card-collection

    Finished `test` profile [unoptimized + debuginfo] target(s) in 0.06s
     Running unittests src/lib.rs (target/debug/deps/rehearsal-da70bb3259a62e20)

running 1 test
test tests::schema_diff_never_includes_values ... ok

test result: ok. 1 passed; 0 failed; 0 ignored; 0 measured; 0 filtered out; finished in 0.00s

     Running unittests src/main.rs (target/debug/deps/rehearsal-1af613f98526467c)

running 0 tests

test result: ok. 0 passed; 0 failed; 0 ignored; 0 measured; 0 filtered out; finished in 0.00s

     Running tests/cli.rs (target/debug/deps/cli-27f196f1e3a208d8)

running 4 tests
test bad_declaration_explains_the_next_step ... ok
test demo_refuses_to_overwrite_a_nonempty_directory ... ok
test demo_writes_both_receipts ... ok
test receipt_redacts_declaration_notes_before_marking_it_customer_safe ... ok

test result: ok. 4 passed; 0 failed; 0 ignored; 0 measured; 0 filtered out; finished in 0.05s

   Doc-tests rehearsal

running 0 tests

test result: ok. 0 passed; 0 failed; 0 ignored; 0 measured; 0 filtered out; finished in 0.00s


> selfhost-upgrade-rehearsal@0.1.2 build:site
> npm run build:assets && vite build --config site/vite.config.ts && node scripts/build-site.mjs


> selfhost-upgrade-rehearsal@0.1.2 build:assets
> node scripts/build-images.mjs

vite v7.3.6 building client environment for production...
transforming...
✓ 4 modules transformed.
rendering chunks...
computing gzip size...
../dist/site/index.html                  1.78 kB │ gzip: 0.66 kB
../dist/site/assets/index-B9IVHe6m.css  13.07 kB │ gzip: 3.70 kB
../dist/site/assets/index-Ciep9Kdj.js   21.61 kB │ gzip: 7.43 kB
✓ built in 216ms
[WebServer] (node:16336) Warning: The 'NO_COLOR' env is ignored due to the 'FORCE_COLOR' env being set.
[WebServer] (Use `node --trace-warnings ...` to show where the warning was created)

Running 2 tests using 2 workers

(node:16355) Warning: The 'NO_COLOR' env is ignored due to the 'FORCE_COLOR' env being set.
(Use `node --trace-warnings ...` to show where the warning was created)
(node:16354) Warning: The 'NO_COLOR' env is ignored due to the 'FORCE_COLOR' env being set.
(Use `node --trace-warnings ...` to show where the warning was created)
(node:16355) Warning: The 'NO_COLOR' env is ignored due to the 'FORCE_COLOR' env being set.
(Use `node --trace-warnings ...` to show where the warning was created)
(node:16354) Warning: The 'NO_COLOR' env is ignored due to the 'FORCE_COLOR' env being set.
(Use `node --trace-warnings ...` to show where the warning was created)
  ✓  2 [mobile] › e2e/site.spec.ts:509:1 › @claim:no-card-collection website has no card fields or payment-provider script (1.4s)
  ✓  1 [chromium] › e2e/site.spec.ts:509:1 › @claim:no-card-collection website has no card fields or payment-provider script (1.5s)

  2 passed (7.3s)
===== RESULT no-card-collection: PASS =====

===== CLAIM dodo-checkout-processing: npm test -- --grep @claim:dodo-checkout-processing =====

> selfhost-upgrade-rehearsal@0.1.2 test
> cargo test && npm run build:site && playwright test --grep @claim:dodo-checkout-processing

    Finished `test` profile [unoptimized + debuginfo] target(s) in 0.05s
     Running unittests src/lib.rs (target/debug/deps/rehearsal-da70bb3259a62e20)

running 1 test
test tests::schema_diff_never_includes_values ... ok

test result: ok. 1 passed; 0 failed; 0 ignored; 0 measured; 0 filtered out; finished in 0.00s

     Running unittests src/main.rs (target/debug/deps/rehearsal-1af613f98526467c)

running 0 tests

test result: ok. 0 passed; 0 failed; 0 ignored; 0 measured; 0 filtered out; finished in 0.00s

     Running tests/cli.rs (target/debug/deps/cli-27f196f1e3a208d8)

running 4 tests
test bad_declaration_explains_the_next_step ... ok
test demo_refuses_to_overwrite_a_nonempty_directory ... ok
test demo_writes_both_receipts ... ok
test receipt_redacts_declaration_notes_before_marking_it_customer_safe ... ok

test result: ok. 4 passed; 0 failed; 0 ignored; 0 measured; 0 filtered out; finished in 0.06s

   Doc-tests rehearsal

running 0 tests

test result: ok. 0 passed; 0 failed; 0 ignored; 0 measured; 0 filtered out; finished in 0.00s


> selfhost-upgrade-rehearsal@0.1.2 build:site
> npm run build:assets && vite build --config site/vite.config.ts && node scripts/build-site.mjs


> selfhost-upgrade-rehearsal@0.1.2 build:assets
> node scripts/build-images.mjs

vite v7.3.6 building client environment for production...
transforming...
✓ 4 modules transformed.
rendering chunks...
computing gzip size...
../dist/site/index.html                  1.78 kB │ gzip: 0.66 kB
../dist/site/assets/index-B9IVHe6m.css  13.07 kB │ gzip: 3.70 kB
../dist/site/assets/index-Ciep9Kdj.js   21.61 kB │ gzip: 7.43 kB
✓ built in 230ms
[WebServer] (node:16681) Warning: The 'NO_COLOR' env is ignored due to the 'FORCE_COLOR' env being set.
[WebServer] (Use `node --trace-warnings ...` to show where the warning was created)

Running 2 tests using 2 workers

(node:16700) Warning: The 'NO_COLOR' env is ignored due to the 'FORCE_COLOR' env being set.
(Use `node --trace-warnings ...` to show where the warning was created)
(node:16699) Warning: The 'NO_COLOR' env is ignored due to the 'FORCE_COLOR' env being set.
(Use `node --trace-warnings ...` to show where the warning was created)
(node:16699) Warning: The 'NO_COLOR' env is ignored due to the 'FORCE_COLOR' env being set.
(Use `node --trace-warnings ...` to show where the warning was created)
(node:16700) Warning: The 'NO_COLOR' env is ignored due to the 'FORCE_COLOR' env being set.
(Use `node --trace-warnings ...` to show where the warning was created)
  ✓  1 [chromium] › e2e/site.spec.ts:516:1 › @claim:dodo-checkout-processing Sociobot checkout hands payment processing to Dodo (18ms)
  ✓  2 [mobile] › e2e/site.spec.ts:516:1 › @claim:dodo-checkout-processing Sociobot checkout hands payment processing to Dodo (9ms)

  2 passed (5.3s)
===== RESULT dodo-checkout-processing: PASS =====

CLAIMS TOTAL=41 FAILURES=0 LOG=.factory/verification-artifacts/claims-after-install.log
